Youtuber Name,Youtuber ID
Eric Patel,1
Cynthia Harrington,2
Amanda Walker,3
Jessica Nelson MD,4
Matthew Sherman,5
Anna Berry,6
Richard Arnold,7
Stephanie Potter,8
Teresa Aguirre,9
Anne Adkins,10
David Clark,11
Kathleen Weeks,12
Melissa Kennedy,13
Kimberly Brown,14
Jennifer Martinez,15
Elizabeth Wright,16
Elijah Ruiz,17
Thomas Roberts,18
Julian Gutierrez,19
Sheila Rivera,20
Crystal Vargas,21
Kevin Marquez,22
Gregory Norman,23
Jason Hall,24
Jacob Patterson,25
Daniel Costa,26
Vincent Graves,27
Anthony Huynh,28
Michelle Rogers,29
Alison Scott,30
Sherry Reed,31
Mr. James Montgomery,32
Leah Moss,33
Shelby Pace,34
Tracie Hogan,35
Mrs. Katelyn Soto,36
Monica Henry,37
Kevin Martinez MD,38
Kathryn Harris,39
Allison Phillips,40
Maxwell Anderson,41
Terry Meyer,42
Wanda Hernandez,43
Brenda Boyd,44
Anna Frank,45
Heather Jefferson,46
Michelle Martinez,47
Sara Mack,48
Christopher Taylor,49
Larry Zimmerman,50
David Craig,51
Antonio Reilly,52
Oscar Gallegos,53
William White,54
Brittany Dickerson,55
Jennifer Kane,56
Shannon Rodriguez,57
Sarah Little,58
Timothy Page,59
Kim Martinez,60
Courtney Roberts,61
Anthony Stewart,62
Kimberly Mendoza,63
Ms. Natasha Johnston,64
Beth Clark,65
Gina Young,66
Abigail Herrera,67
Brittany Ferguson,68
Tanya Kelley,69
Stephanie Taylor,70
Bailey Guerra,71
Nichole Fleming,72
Ryan Reynolds,73
Brandon Hernandez,74
Stephanie Mahoney,75
Carlos Mcmahon,76
Gina Bennett,77
Latoya Morales,78
Jennifer Nunez,79
Whitney Montoya,80
Michael Summers,81
Denise Johnson,82
Vincent Nguyen,83
John Carpenter,84
Mia Mccormick,85
Michael Lee,86
Mary Evans,87
Tyler Clark,88
Frances Brown,89
Benjamin Green,90
Dr. Dana Gamble,91
Mary Johnston,92
Dillon Casey,93
Timothy Henson,94
Timothy Crosby,95
Philip Ward,96
Ricky Reed,97
Ian Heath,98
Frank Harrington,99
Christina Tapia,100
Anita Davis,101
Marcus Bailey,102
Jody Espinoza,103
Amanda Blackwell,104
Bonnie Arnold,105
Rebecca Collier,106
Sharon Johnson,107
Jessica Gutierrez,108
Melanie Nelson,109
Jessica Montoya,110
Claudia Pace,111
Renee Evans,112
Alice Ortiz,113
Robert Wyatt,114
David Gilbert,115
Veronica Diaz,116
Miguel Smith,117
Kimberly Rowe,118
Brent Sanchez,119
Bryan Carpenter,120
Wayne Lang,121
Christopher Logan,122
Robert Conner,123
Virginia King,124
Micheal Morse,125
Alyssa Waters,126
Seth Barnes,127
Elizabeth Allen,128
Tiffany Jones,129
Raymond Lambert,130
Connor Gutierrez,131
Beth Whitaker,132
Bobby Hall,133
Edward Lane,134
John Hernandez,135
Dawn Silva,136
Christopher Cox,137
Brandon Turner,138
Brenda Crawford,139
Matthew Rivera,140
Janet Hale,141
Donna Roach,142
Jacob Ray,143
Joseph Morton,144
Travis Wright,145
Cynthia Brooks,146
Doris Jones,147
Christopher Shepard,148
Candice Howell,149
Gary Carr,150
Marie Brewer,151
Michael Potts,152
Michael Carroll,153
Katie Warren,154
Jason Howard,155
David Alexander,156
Stacey Anderson,157
Danielle Hernandez,158
Michelle Erickson,159
Holly Robbins,160
Travis Powell,161
April Hawkins,162
Mrs. Heather Ruiz,163
Jason Hill,164
Jesse King,165
Tiffany Robinson,166
Rachel Wallace,167
Edward Oconnor,168
Daniel Adkins MD,169
Brian Krueger,170
Hailey Russell,171
Michelle Sheppard,172
Jesse Blair,173
Jonathan Cox,174
Sharon Williams,175
Victoria Frank,176
Christopher Page,177
Carlos Garcia,178
Robert Choi,179
Gregory Anderson,180
Tammy Perez,181
Jennifer Smith,182
Danielle Johnson,183
Johnny Moore,184
Brad Howard,185
Stephanie Winters,186
Ryan Howard,187
Nicholas House,188
Erin Wilson,189
Jose Hernandez,190
Stanley Kennedy,191
Fred Salas,192
Scott Guerrero,193
Lindsay Erickson,194
Krista Perez,195
Tami Thompson,196
Jonathan White,197
Dana May,198
Michelle Chambers,199
Morgan Diaz,200
Dustin Hutchinson,201
Aaron Carrillo,202
Beverly Carpenter,203
Shelly Garrison,204
Brett Garcia,205
Christopher Martinez,206
Michelle Smith,207
Karen Brown,208
Diane Fields,209
Gregg Chambers,210
Daniel Nichols,211
Monica Freeman,212
Julia Johnson,213
Tony Brooks,214
Cody Lee,215
Amber Beard DDS,216
Charles Knight,217
David Watson,218
Donna Johnson,219
Yesenia Levy,220
Pamela Dickson,221
Jay Villegas,222
Larry Rodriguez,223
Kayla Cross,224
Sheri Spencer,225
Theresa Harmon,226
Rhonda Scott,227
Chelsea Wells,228
Michael Rodriguez,229
Shane Cruz,230
Richard Fisher,231
Paul Silva,232
Michael Patrick,233
Michelle Edwards,234
Gabriel Romero,235
Amy Riggs,236
Frances Willis,237
Michael Matthews,238
Jennifer Garcia,239
Daniel Kramer,240
Sherry Phillips,241
Amanda Evans,242
Thomas Carter,243
Richard Pineda,244
James Johnson,245
Ronald Garcia,246
Jennifer Mata,247
Michael Gregory,248
Maria Cruz,249
Jason Thomas,250
Holly Cardenas,251
Robert Ho,252
Lisa Olson,253
Edward Mcknight,254
Brandy Obrien,255
Pamela Nunez,256
Angela Wilson,257
Mr. Anthony Quinn,258
Angela Williams,259
Kayla Hall,260
Matthew Graham,261
Elizabeth Thornton,262
Rachel Fisher,263
Susan Hoffman,264
Christopher Weber,265
Pamela Adams,266
Angela Walker,267
Brittany Cruz,268
Brenda Doyle,269
David Torres,270
Austin Pugh,271
Michael Miranda,272
Michael Myers,273
Alan Smith,274
Brian Gomez,275
Alfred Olsen,276
Matthew Clayton,277
Renee Smith,278
Adam Barajas,279
Garrett Trevino,280
Ryan Durham,281
Jasmine Nichols,282
Jacob Snow,283
Margaret Lee,284
Jamie Vance,285
Miguel Pace,286
Laura Young,287
Heather Beasley,288
Mrs. Carrie Delacruz DDS,289
Brandy Meyer,290
Donna Carter,291
Jamie Jones PhD,292
Christian Mcdonald,293
Blake Gardner,294
Shane Hodges,295
Alisha Roth,296
Hannah Taylor,297
Daniel Richardson,298
Richard Scott,299
Joshua Allen,300
Paul Cole,301
Mrs. Michelle Schmidt DDS,302
Randy Hernandez,303
Shannon Johnson,304
Lisa Barber,305
Anthony Montgomery,306
Dylan Johnson,307
Alex Howard,308
Bryan Mitchell,309
Dr. John Briggs,310
Andrew Cruz,311
Douglas Wallace,312
Misty Peterson,313
Randy Oconnell,314
Corey Kirk,315
Hayden Haynes,316
Taylor Lamb,317
Stephen Wilson,318
Miranda Williams,319
Samantha Krueger,320
Kimberly Williams,321
Carol Knox,322
Mr. Timothy Davis,323
Jennifer Sharp,324
Anthony Moreno,325
Jennifer Simpson,326
Lauren Rogers,327
Linda Cole,328
John Blankenship,329
Judith Wallace,330
Carolyn Garcia,331
Isaac Lopez,332
Brianna Leach,333
Michelle Hendrix,334
Blake Gray,335
Sarah Brown,336
Lori Allen,337
Laura Myers,338
Michael Allison,339
Ricky Diaz,340
Stacey Fleming,341
Joseph Huffman,342
Richard Carlson,343
Charles Collins,344
Tony Serrano,345
Toni Wells,346
Sarah Wilson,347
Travis Brady,348
Connie Merritt,349
Jennifer Blackburn,350
Taylor Lee,351
Brianna Serrano,352
William Carter,353
Linda Woodard,354
Benjamin Vargas,355
Calvin Hernandez,356
Adam Jones,357
Faith Gilbert,358
Caitlin Perkins,359
Melissa Burton,360
Michael Sullivan MD,361
Mr. Thomas Davis,362
Travis Gallagher,363
Cindy Clark,364
Daniel Chang,365
Thomas Little,366
William Miller,367
Sandra Liu,368
Melissa Cohen,369
Norman Diaz,370
Debra Barnett,371
Alvin Sampson,372
Megan Schultz,373
Nicholas Rich,374
Joshua Howell,375
Kristine Black,376
Diane Ramirez,377
Dennis Hunter,378
Jason Rodriguez,379
Joseph Munoz,380
Jared Avila,381
James Cruz,382
Patrick Kennedy,383
Eric Anderson,384
Amber Wilson,385
Gary Johnson,386
Savannah Phillips,387
Melissa Salas,388
Rachel Tate,389
Jamie Park,390
Chelsey Hansen,391
William Jones,392
Mark Rodgers,393
William Macias,394
Vanessa Thompson,395
Susan Nunez,396
Charles Briggs,397
Doris Shaffer,398
Lori Olson,399
David Austin,400
Sheila Williams,401
Dylan Campbell,402
Katherine Williamson,403
Linda Gill,404
Michael Castillo,405
John Jenkins,406
Megan Jones,407
Tina Hernandez,408
Mrs. Melissa Dawson,409
Cameron Baker,410
Elizabeth Barnes,411
Stephen Taylor,412
Jordan Houston,413
Victor Williams,414
Michelle Hines,415
Amy Stuart,416
Jasmine Garcia,417
Larry Hernandez,418
Amy Rivera,419
Debra Wyatt,420
Jennifer Hines,421
Christine Mccarthy,422
Mark Jacobs,423
Daniel Trujillo,424
Lauren Sullivan,425
James Kaufman,426
David Williams,427
Jennifer Brown,428
Brandon Keller,429
Melanie Davis,430
Steven Carson,431
Joshua Atkins,432
Heidi Diaz,433
Laura Hughes,434
Derek Savage,435
Debra Mendoza,436
Brian Luna,437
Benjamin Mann,438
Jeremy Sullivan,439
Rebecca Johnson,440
Angela Holmes,441
Elizabeth Mcconnell,442
William Robbins,443
Seth Smith,444
Kirk Miller DVM,445
Stephanie Wood,446
Johnathan Walsh,447
Patricia Holloway,448
Jeanette Carlson,449
April Potter,450
Joanna Boyd,451
Jose Watson,452
Curtis Francis,453
Connie George,454
Mary Rose,455
Jennifer Morgan,456
Mrs. Maureen Lee DVM,457
Rachael Rodriguez,458
Christopher Ward,459
Jasmine Ramirez,460
Charles Clark,461
Benjamin Harris,462
Raymond King,463
Mary Leach,464
David Bauer,465
Janet Martinez,466
Sheila Harris,467
Mark Sullivan,468
Kevin Hill,469
Amanda Frazier,470
Dean Schneider,471
Matthew Taylor,472
Courtney Stewart,473
Robert Parks,474
Julie Joseph,475
James Jackson,476
Daniel Simpson,477
Andrew Newman,478
Joseph Bates,479
Lisa Vega,480
Jill Oneal,481
Kevin Richardson,482
Patrick Gardner,483
Jonathan Williams,484
Matthew Mitchell,485
Jennifer Kelly,486
Steven Conrad,487
Adam Duran,488
Amy Russo,489
James Anderson,490
Dr. David Brooks,491
Ryan Stephens,492
Jessica Davidson,493
Andrew Parker,494
Brittney Parker,495
George Hurst,496
Brittany Gross,497
Nichole Greer,498
Jonathan Hess,499
Zoe Peterson,500
Melissa Clayton,501
Rachel Richardson,502
Jennifer Norris,503
Susan Fitzpatrick,504
Richard Jones,505
John Cooke,506
John Luna,507
Ashley Daniels,508
Douglas Miller,509
Jeffrey Li,510
Briana Rodriguez,511
Jay Johnson,512
Tyler Grant,513
John Turner,514
Kristin Nichols,515
Robert Diaz,516
Brandon Stark,517
Meghan Chambers,518
Jacqueline Crawford MD,519
Duane Roberts,520
Rachael Newman,521
Matthew Wright,522
Jason Duncan,523
Anthony Garcia,524
Jennifer Stevens,525
Cameron Spencer,526
Lisa Chan,527
Kimberly Miller,528
Dustin Nelson,529
Marissa Price,530
Jennifer Flores,531
Tiffany Hutchinson,532
Kristen Ross,533
Diane Stout,534
Marcia Harrison,535
Linda Smith,536
Erika Skinner,537
Steven Montoya,538
Jennifer Barrett,539
Katrina Howell,540
Kevin French,541
Deborah Ray,542
Michael House,543
Hannah Gardner,544
Colleen Lane,545
Brent Myers,546
Yvonne Rodriguez,547
Sarah Johnson,548
Paul Barnes,549
Russell Kelly,550
Catherine Newton,551
Amy Lee,552
Sarah Smith,553
Mr. Dylan Welch,554
Justin Jenkins,555
Elizabeth Mills,556
Dr. Mary Gonzalez,557
Christina Trevino,558
Christy Hernandez,559
William Fischer,560
Elizabeth Smith,561
Kyle Higgins,562
Wayne Jensen,563
Deanna Oconnell,564
Thomas Buckley,565
Vincent Hendricks,566
George White,567
James Carroll,568
Phillip Thompson,569
Laura Grimes,570
Paul Cain,571
Brian Avila,572
Sandra Perez,573
Thomas Brown,574
Diana Cook,575
Kimberly Santana,576
Joseph Kaufman,577
James Waller,578
Monica Sanchez,579
Stephanie Cross,580
Briana Bird,581
Mrs. Martha Moore,582
David Hoffman,583
Jennifer Molina,584
Emily Brown,585
Eric Chung,586
Tina Atkinson,587
Catherine Clark,588
Barbara Hall,589
Rebecca Perry,590
Angela Mathis,591
Kevin Jones,592
Heather Conway,593
Tiffany Ward,594
Allison Dougherty,595
Scott Jones MD,596
Brandon Stewart,597
Brett Howard,598
Karen Lee,599
William Kim,600
Corey Stevens,601
Molly Brady,602
Tara Walker,603
Sarah Nguyen,604
Michelle Morris,605
Mary Salinas,606
Paul Craig DDS,607
Anita Meza,608
Jacob Wilson,609
Christine Ho,610
Maria Martinez,611
Wendy Brewer,612
Jaime Castro,613
Ronald Hayden,614
Jessica Garza,615
Christopher Mccormick,616
Steven Williamson,617
Katherine Miles,618
Christopher Rodriguez,619
Patrick Campos,620
Michael Gill,621
Diana Johnson,622
Michael Wells,623
Ashley Schultz,624
Frank Chung,625
Heather Cameron,626
Angela Friedman,627
Kylie Woodward,628
Anthony Hernandez,629
Sheila Morrow,630
Miranda Kramer,631
David Santiago,632
Mary Black,633
Pamela Aguilar,634
Amy Patel,635
John Marquez,636
Ashley Rodriguez,637
Joshua Goodman,638
Tammy Bowman,639
Billy Alvarado,640
Charles Levy,641
Adrian Smith,642
Brian Nelson,643
Carolyn Moran,644
Jennifer Gallegos,645
Carol Berry,646
Patricia Frank,647
Audrey Leblanc,648
Anthony Harrison,649
Lauren Martinez,650
Michael Montgomery,651
Mark Bush,652
Tonya Duncan,653
Joanne Pollard,654
Gregory Pierce,655
James Rose,656
Wesley Wood,657
Christina Cox,658
George Smith,659
Christian Esparza,660
Alexander Blackwell,661
Ivan Bernard,662
Jeff Lozano,663
Sarah Kirby,664
Tiffany Lin,665
Adrian Sullivan,666
Makayla Gray,667
Alisha Adams,668
Antonio Green,669
Mark Gill,670
Christina Smith,671
Kenneth Lamb,672
Cynthia Todd,673
Jason Riggs,674
Julian Hays,675
John Galloway,676
Ryan Johnson,677
Brittney Garner,678
Carla Smith,679
Michelle Mccormick,680
Patricia Diaz,681
Thomas Johnson,682
Jason Swanson,683
Alexander White,684
Casey Bowen,685
James Smith,686
Melanie Wright,687
Tina Lopez,688
Nicole Smith,689
Roger Atkinson,690
Anna Nichols,691
Joshua Coleman,692
Carol Walker,693
Joseph Esparza,694
Jordan Davis,695
Kimberly Bright,696
Robin Stanley,697
Rhonda Fields,698
Sarah Young,699
Stephanie Wallace,700
Deborah Taylor,701
Leah Stewart,702
Jared Hayden,703
Linda Cardenas,704
Valerie Whitaker,705
Heather Morales,706
Claire Murillo,707
Lori Barron,708
Steven Arellano,709
Theodore Owens,710
Mary Davis,711
Charles Norris,712
Sean Hall,713
John Castro,714
Christopher Park,715
Joseph Torres,716
Michael Smith,717
Michael Miller,718
Amanda Baker,719
Theresa Smith,720
Barry Flores,721
Destiny Rivera,722
Julie Chan,723
James Hicks,724
Belinda Mason,725
Hayley Martinez,726
Jerry Kirby,727
Joseph Wilson,728
Tiffany Hart,729
Nancy Hartman,730
Gabrielle Gardner,731
John Gonzalez,732
Michael Johnson,733
Selena Baker,734
Jimmy Diaz,735
Dr. Sarah Miranda,736
Benjamin Craig,737
Nicole Thomas,738
Michelle Turner,739
Alan Barnes,740
James Vaughn,741
Kylie Baldwin,742
Jason Larson,743
Eric Jackson,744
Joseph Mclean,745
Eric Bailey,746
Jennifer Bruce,747
Mr. Michael Snyder,748
Samuel Friedman,749
Elizabeth Sherman,750
Erin Gray,751
Brian Thomas,752
Joshua Diaz,753
Adrian Robles,754
Dominique Hughes,755
Stephanie Guerra,756
Kirsten Jackson,757
Michael Hawkins,758
Brandon Goodman,759
Catherine Hardin,760
Jeremiah Freeman,761
Victor Green,762
Dillon Bond,763
Patricia Harrison,764
Jacob Newman,765
Matthew Pugh,766
Caroline Roberts,767
John Johnson,768
Roy Browning,769
Aaron Rogers,770
Cheryl Pierce,771
Michael Snyder,772
Crystal Gallagher,773
Janice Patel,774
Patricia Martinez,775
Carlos Castillo,776
Lori Cisneros,777
Ricardo Gamble,778
Cynthia Jennings,779
Randall Henry,780
Anne Porter,781
Ashley Underwood,782
Susan Dominguez,783
Robin Williams,784
Makayla Smith,785
Brooke Silva,786
Theresa Carter,787
Lisa Hartman,788
Megan Mcgee,789
Victoria Garrett,790
Patricia Smith,791
Connie Peterson,792
Julia Bridges,793
David Baker,794
Earl Rivera,795
Stacey Martin,796
Maria Mitchell,797
Raymond Anderson,798
Nicole Matthews,799
Michael Hall,800
David Horton,801
Jeffrey Patterson,802
Robert Powell,803
Gina Haley,804
Amber Woods,805
Sarah Mcmahon,806
Mary Thompson,807
James Brown,808
Bradley Williams,809
Nicholas Evans,810
Kelly Beasley,811
Michael Garrison,812
Janet Johnson,813
Mark Henderson,814
Tyler Hernandez,815
Christopher Roberts,816
Cory Grant,817
Anita Ruiz,818
Dylan Perez,819
Sierra Navarro,820
Daniel Wells,821
Bryan Perez,822
Anthony Dennis,823
Edward Moreno,824
Sabrina Murphy,825
Anna Smith,826
Jasmine Smith,827
Joseph Ryan,828
Brianna Simmons,829
Jason Gray,830
Casey Porter,831
Adrian Schroeder,832
Eric Odom,833
Joshua Dean,834
Steven Mueller,835
John Jones,836
Jose Rosales,837
Billy Wells,838
David Smith,839
Nicholas Welch,840
Jimmy Scott,841
Julie Gibson,842
Daniel Jarvis,843
George Schultz,844
Heidi Wright,845
Charles Owens,846
Drew Gay,847
Christopher Mitchell,848
James Brooks,849
Caleb Sanchez,850
Adam Hernandez,851
Melissa Johnson,852
Deanna Smith,853
Charles Brooks,854
James Cooper,855
Michael Williams,856
Laura Hoffman,857
Dawn Kane,858
Brady Terry,859
Matthew Lester,860
Melvin King,861
Chelsea Bates,862
Stacy English,863
Ricky Rodriguez,864
Jessica Morris,865
Cindy Jenkins,866
Amber Morton,867
Joan Suarez,868
Heather Schroeder,869
Shelly Miller,870
Michael Liu,871
Nicolas Russo,872
Richard Atkins,873
Theresa Mendoza,874
Crystal Gonzalez,875
Jared Ray,876
Peter Wang,877
Christina Cole,878
Carla Nelson,879
Heidi Lopez,880
James Hooper,881
Andrea Long,882
Natalie Pierce,883
Donna Jackson,884
Felicia Henry,885
David Bullock,886
Michael Cunningham,887
Dr. Laura Buchanan,888
Teresa Ford,889
John Parker,890
Stephen Navarro,891
Tabitha Martinez,892
Andrew Lawson,893
Anthony Cox,894
Charles Lee,895
Jerry Baker,896
Michael Duncan,897
Corey Stephenson,898
Katrina White,899
Joshua Patel,900
Kimberly Gordon,901
Misty Wong,902
Randall Hoffman,903
Michelle Sanchez MD,904
Andrew Short,905
Marie Baker,906
Adrian King,907
Collin Schultz,908
Vanessa Rodriguez,909
Melissa Hernandez,910
Kathryn Parker,911
Amanda Drake,912
Joseph Alvarez,913
Craig Blair,914
Susan Harris,915
Anna Jarvis,916
Mary Lopez,917
Michael Barrett,918
Kristin Davis,919
Julie Moran,920
Mark Vaughn,921
Lisa Woods,922
Zachary Russell,923
Dr. Michael Hayes,924
Lisa James,925
Mrs. Eileen Lee MD,926
David Simpson,927
Lindsay Wells,928
Larry Valdez,929
Melanie Rangel,930
Travis Perez,931
Clayton Williams,932
Norma Diaz,933
Wesley Tucker,934
Amanda Manning,935
Mark Wallace,936
Elizabeth Costa,937
Patricia Haynes,938
Christopher Wang,939
Leonard Sandoval,940
Sandra Scott,941
Christopher Lee,942
Peter Tran,943
Derek Harmon Jr.,944
Patty Kim,945
Denise Weiss,946
Charles Martinez,947
Timothy Smith,948
Jesus Flynn,949
Jamie Everett,950
Joseph Dalton,951
Courtney Johnson,952
David Rodriguez,953
Patrick Miller,954
Erika Kent,955
Monica Green,956
Lisa Williamson,957
Ethan Ritter,958
Vincent Hogan,959
Michelle Green,960
Holly Rich,961
Brittany Schmidt,962
Christopher Marshall,963
Gary Moreno,964
Patrick Nolan,965
Jeremy Jimenez,966
Susan Mills,967
Chad Small,968
Jennifer Reese,969
Steven Moore,970
Angela Pacheco,971
Amy Garcia,972
Alex Mann,973
Paul Waters,974
Mr. Brendan Porter,975
Colton Brewer,976
Debbie Robinson,977
Rachel Choi,978
Tammy Tucker,979
Phillip Willis,980
Neil Drake,981
Johnny Green,982
Wendy Mathews,983
Matthew Booker,984
Roy Watson,985
Molly Clark,986
Anthony Howe,987
Robert Hess,988
Ann Ward,989
Amanda Bauer,990
Ronnie Crane,991
Christopher Parker,992
Kristen Shaw,993
Jenna Ewing,994
Samuel Brown,995
Martin Taylor,996
Laura Smith,997
Elizabeth Moore,998
Peter Bowen,999
Gary Young,1000
Roberto Huynh,1001
Erika Russell,1002
Donald Duran,1003
Joshua Harvey,1004
Thomas Browning,1005
Shannon Thompson,1006
Sean Austin,1007
John Williams MD,1008
Norman Frazier,1009
Eric Morgan,1010
Gina Perez,1011
Mark White,1012
David Cummings,1013
Wyatt Benjamin,1014
Cody Adams,1015
Zachary Brown,1016
Connie Miranda,1017
Mary Welch,1018
Anthony Martin,1019
Nancy Smith,1020
Angel Harrison,1021
Morgan Juarez,1022
Michael Hunter,1023
Christopher Walter,1024
Andrea Gibbs,1025
Michele Cuevas,1026
Nathan Wilson,1027
Aaron Burns,1028
Paul Hull,1029
Jacob Rocha,1030
Janice Moss,1031
Steven Townsend,1032
Richard James,1033
Sara Nelson,1034
Cathy Castro,1035
Sherri Bowen,1036
Katelyn Peters,1037
Erin Glenn,1038
Tony Johnson II,1039
Philip Bell,1040
Nicholas Hubbard,1041
Olivia Morris,1042
Richard Hunt,1043
Karen Smith,1044
Spencer Rodriguez,1045
Jeffery Walls,1046
Christian Warner,1047
Trevor Mccarthy,1048
Holly Smith,1049
Ashley Hanson,1050
Craig Morris,1051
Philip Harrison,1052
Sara Graham,1053
Julia Hall,1054
Kevin Williams,1055
George Brown,1056
Anna Adams,1057
John Fowler,1058
James Martin,1059
Alejandro Wilson,1060
Lee Harris,1061
Glenn Cunningham,1062
James Dixon,1063
Richard Ray,1064
Erin Mcconnell,1065
Alan Gonzalez,1066
Cindy Strong,1067
Benjamin Prince,1068
Mr. Gregory Joseph,1069
Lisa Moore,1070
Daniel Simmons,1071
Robert Peterson,1072
Amanda Cox,1073
Benjamin Murray,1074
Natalie Gonzalez,1075
Daniel Smith,1076
Mr. Joseph Schultz,1077
Yvonne Jones,1078
Morgan Ball,1079
Brianna Riley,1080
Dr. Jonathan Price,1081
Alexander Medina,1082
Troy Brown,1083
Daisy Gillespie,1084
Benjamin Wilson,1085
Tasha Smith,1086
Chris Wilson,1087
Janice Glover,1088
Robert Jones,1089
John Collins,1090
Philip Adkins,1091
Dennis Marshall,1092
Stacy Gutierrez,1093
James Riley,1094
Joe Blackwell,1095
Alexander Smith,1096
Amanda Jackson,1097
Thomas Haley,1098
Adrian Winters,1099
Kathleen Warren,1100
Vincent Vazquez,1101
Garrett Collins DDS,1102
Richard Schwartz,1103
Brian Wilson,1104
Kyle Vargas,1105
Aaron Smith,1106
Mark Levine,1107
Kathryn Robertson,1108
Christine Parker,1109
Kyle Berg,1110
Kelly Jones,1111
Ryan Cobb,1112
James Kim,1113
Eric Clark,1114
Jeffrey Duarte,1115
John Short,1116
David Perez,1117
David Doyle,1118
Kevin Marshall,1119
James Boyd,1120
Laura Perez,1121
Richard Marshall,1122
Mr. Ronald Guerrero,1123
Anna Morton MD,1124
Tiffany Landry,1125
Paul Farrell,1126
Jeremy Johnson,1127
Michelle Callahan,1128
Wendy Gibson,1129
Jessica Wright,1130
Casey Charles,1131
Kristina Sweeney,1132
Thomas Phillips,1133
Kimberly Little,1134
Jessica Graham PhD,1135
Allen Martinez,1136
Anthony Maldonado,1137
Casey Mccall,1138
Lauren Davis,1139
Robert Knapp MD,1140
Mitchell Gentry,1141
Chad Dixon,1142
Tracey Martinez,1143
Ronald James,1144
Sarah Allen,1145
Nicole Juarez,1146
Nicole Guerra,1147
David Quinn,1148
Patricia Maynard,1149
Sean Henson,1150
Julie Thompson,1151
Corey French,1152
Cassandra Pruitt,1153
Virginia Williams,1154
Kevin Moreno MD,1155
Andrea Villegas,1156
Ryan Alexander,1157
Shawn Patrick,1158
Jessica Beck,1159
Mrs. Melissa Zimmerman,1160
Edward Stevens,1161
David Norman,1162
Bradley Nichols,1163
Maria Sullivan,1164
Teresa Smith,1165
Denise Garcia,1166
Mr. Joshua King,1167
Mr. Alexander Gonzalez,1168
Lisa West,1169
James Adams,1170
Melinda Wilson,1171
Tracy Johnson,1172
Glenn Gutierrez,1173
Nicole Smith DVM,1174
Maria Hill,1175
Haley Barnes,1176
Cindy Carroll,1177
Nathaniel Osborne,1178
Melissa Owens,1179
Matthew Barajas,1180
Ricky Robinson,1181
Kristina Wright,1182
Lauren Perez,1183
Jaime York,1184
James Summers,1185
Ronald Scott,1186
Daniel Douglas,1187
Alexis Perkins,1188
Bailey Hunt,1189
Tina Rivera,1190
Jose Brown,1191
Kimberly Myers,1192
Joshua Barron,1193
Sarah Jones,1194
Yvonne Morales,1195
Emma Conrad,1196
Michelle Butler,1197
Daniel Gibson,1198
Katherine Woodward,1199
Nichole Schultz,1200
Amy Osborn,1201
Dr. Justin Morris,1202
Joseph Lopez,1203
Thomas Gonzalez,1204
Monique Howe,1205
Steven Hill,1206
Curtis Trevino,1207
Gary Wallace,1208
Wayne Rose,1209
Hayden Bond II,1210
Willie Klein,1211
Eric Alvarez,1212
Donna Conley,1213
Jean Murphy,1214
Felicia Simmons,1215
Tracy Hanson,1216
John Payne,1217
Jason Brown,1218
Randall Smith,1219
Patrick Mendez,1220
Susan Silva,1221
George Reed,1222
Robert Chang,1223
Tracey Jacobs DVM,1224
Christina Rubio,1225
Brittney Ponce,1226
Matthew Webb,1227
Thomas Harmon,1228
Meredith Clark,1229
Mr. Steven Mckee,1230
Margaret Davis,1231
Melissa Green,1232
Alicia Smith,1233
Jessica Miller,1234
Ellen Walters,1235
Edward Obrien,1236
Melissa Hansen,1237
Kenneth Orozco,1238
Ashley Ramsey,1239
Rodney Edwards,1240
Morgan Glover,1241
Ryan Phillips,1242
Stephen Ortiz,1243
Wendy Maxwell,1244
Michael Baker,1245
Timothy Phillips,1246
Lisa Chang,1247
Joshua Peterson,1248
Debbie Reynolds,1249
Sylvia Lopez,1250
Antonio Jones,1251
Jason Turner,1252
Steven Steele,1253
Heather Bishop,1254
Shane Wilson,1255
James Perkins,1256
Brett Robinson,1257
Peter Cain,1258
Dawn Pierce,1259
Robert Griffin,1260
Marcus Nielsen,1261
Tonya Baldwin,1262
Dennis Griffin,1263
Yolanda Robinson,1264
Johnny Rivera,1265
Kristina Harris,1266
Wendy Levine,1267
William Stanley,1268
Scott Ramirez,1269
Melissa Clark,1270
Madison Lamb,1271
Derrick Harper,1272
William Hernandez,1273
Ana Newton,1274
Jasmin Atkinson,1275
Joseph Mendoza,1276
Stanley Strickland,1277
Jason Phillips,1278
Raymond Deleon,1279
Matthew Lara,1280
Andrea Webb,1281
Karen Rowe,1282
Joseph Norman,1283
Rebecca Bennett,1284
Hannah Moore,1285
Nathaniel Brown,1286
Lisa Pineda,1287
Robert Cooper,1288
Rachel Jones,1289
Lisa Griffin,1290
Brett Murray,1291
William Rodriguez,1292
Andrew Medina,1293
Aaron Contreras,1294
Donna Thomas,1295
Kelly Malone,1296
David Mosley,1297
Chad Montgomery,1298
Patricia Hall,1299
Joseph Powell,1300
Emily Combs,1301
Scott Jones,1302
Aaron Robinson MD,1303
Valerie Diaz,1304
Crystal Harris,1305
Christina Johnson,1306
Devin Stevens,1307
Kevin Bennett,1308
Angela Alexander,1309
Carol Jimenez,1310
John Wilson,1311
Mr. Jamie Cruz,1312
Christina Davis,1313
David James,1314
Lauren Hernandez,1315
Daniel Hurst,1316
Daniel Middleton,1317
Brent Taylor,1318
Paul Jimenez,1319
Brian Chapman,1320
Sarah Hicks,1321
Brandon Chaney,1322
Cassandra Carter,1323
Jason Bailey,1324
Veronica Allen,1325
Brandi Smith,1326
Megan Montoya,1327
Cole Harris,1328
Raymond Baker,1329
Leah Thomas,1330
Rachel Espinoza,1331
Gloria Johns,1332
Joshua Anderson,1333
Jesse White,1334
Christine Taylor,1335
Paul Alvarado,1336
Bethany Wallace,1337
Sean Mann,1338
Rachael Maxwell,1339
Patrick Wilkinson,1340
Michael Murray,1341
Kelly Vargas,1342
Sherry Ali,1343
William Williams,1344
Chad Cameron,1345
Scott Evans,1346
Nancy Crane,1347
Shannon Allen,1348
Steve Brown,1349
Christina Webster,1350
Austin Thomas,1351
Mark Gardner,1352
David Tran DVM,1353
Jason Hess,1354
Beth Garrison,1355
Jessica Carter,1356
Stephen Richardson,1357
Eric Frazier,1358
Erika Lee,1359
Stephanie Martin,1360
Joseph Cisneros,1361
Carlos Barnes,1362
Nicole Harrell,1363
James Miller,1364
Debra Williams,1365
Taylor Pacheco,1366
Michael Perez,1367
Robert Hunter,1368
Robert Moreno,1369
Christopher Robinson,1370
Sharon Patrick,1371
Cassidy Morton,1372
Grant Hall,1373
Stacy Diaz,1374
Kathleen Bailey,1375
James Douglas,1376
Aaron Melendez Jr.,1377
Willie Wilkerson,1378
Greg Stewart,1379
Christy Mitchell,1380
Jessica Cruz,1381
Mary Hernandez,1382
Christian Robertson,1383
Mrs. Heather Boyd,1384
Sandra Conley,1385
Aaron Gregory,1386
Kelly Fowler,1387
Carrie Warren,1388
James Lewis,1389
Tracy Miller,1390
Thomas Fowler,1391
Toni Harris,1392
Kristin Cabrera,1393
Autumn Barnes,1394
Kathryn Williams,1395
Carl Lee,1396
Christine Collins,1397
Anthony Mcintyre,1398
Eric Hernandez,1399
Sheila Kelly,1400
Anna Evans,1401
Andrea Young,1402
Aimee Lucero,1403
Jonathan Jones,1404
Carl Hill,1405
Jennifer Glenn,1406
Adam Woods,1407
Bruce Baird,1408
Juan Johnson,1409
Virginia Collins,1410
Amber Sims,1411
Christina Mata,1412
Holly Miller,1413
Matthew Lee,1414
Michael Berger,1415
Laurie Powell,1416
Richard Patrick,1417
David Anderson,1418
Joseph Randolph,1419
Julia Thompson,1420
Kaitlyn Strong,1421
Matthew Gregory,1422
Aaron Wood,1423
Hannah Atkinson,1424
Karen Foster,1425
Monica Robinson,1426
Todd Morris,1427
Jennifer Lucero,1428
Steven Armstrong,1429
Chad Diaz,1430
Thomas Lopez,1431
William Scott,1432
Laurie Harrell,1433
Jonathan Barnett,1434
Kimberly Henderson,1435
Jordan Leach,1436
Kelly Smith,1437
Kristi White,1438
Aaron Hayes,1439
Robert Beck,1440
Angela Nunez,1441
Deanna Sellers,1442
Alejandra Moody,1443
Victoria Bradley,1444
Chad Cole,1445
William Lang,1446
Kimberly Lopez,1447
Gloria Brown,1448
Misty Warner,1449
Jason Randall,1450
Maurice Mullins,1451
Robert Nielsen,1452
Ruth Wilson,1453
Casey Clark,1454
Crystal Brown,1455
Tamara Thomas,1456
Jonathan Adams,1457
Dennis Thomas,1458
John Stevens,1459
Tammy Rivera,1460
Mary Garrett,1461
Stephanie Lucas,1462
Linda Clark,1463
Andrew Flynn,1464
Sheila Acosta,1465
Theresa Barton,1466
Adrienne Williams,1467
Tara Lewis,1468
Wayne Young,1469
Courtney Dominguez,1470
Danielle Ramirez,1471
Derrick Miles,1472
Sydney Zhang,1473
Rachel Johnson,1474
Jimmy Evans,1475
Jesse Simmons,1476
Tracy Day,1477
Clayton Miller,1478
Kevin Silva,1479
Miss Dawn Taylor,1480
Anna Nunez,1481
Bianca Crawford,1482
David Tucker,1483
Brandon Ryan,1484
David Flores,1485
Ethan Simmons,1486
Lisa Moreno,1487
Wendy Miller,1488
Kathleen Perez,1489
Cindy Allen,1490
Shawn Pratt,1491
Wendy Hamilton,1492
Tiffany Johns,1493
John Huffman,1494
Antonio Boyd,1495
Glenn Baker,1496
Carolyn Lawrence,1497
Tracy Ward,1498
Derek Reynolds,1499
Richard Perez,1500
Michael Hill,1501
Mark Tapia,1502
John Gibson,1503
Cody Watson,1504
Alex Stokes,1505
Kimberly Lee,1506
Kevin Harper,1507
Angela Moore,1508
Tracey Hudson,1509
Janice Best,1510
Dustin Sullivan,1511
Devon Hill,1512
Tina Watson,1513
Erika Brown,1514
Jeffrey Cole,1515
Elizabeth Norris,1516
Sherry Brooks,1517
Leonard Pierce,1518
Carol Spencer,1519
Daniel Howell,1520
Rodney Cole,1521
Cheryl Vargas,1522
Melissa Morgan,1523
Amanda Mays DDS,1524
Kenneth Booth,1525
David Edwards,1526
Glenn Gonzales,1527
Kelly Pace,1528
Jasmine Mcbride,1529
Erin Jones,1530
Peter Jones,1531
Patrick Coleman,1532
Stephanie Martinez,1533
Alicia Martinez,1534
Cory Martinez,1535
Monica Randall,1536
Steven Oliver,1537
Marissa Carson,1538
Juan Mitchell,1539
Richard Gordon,1540
Kevin Pierce,1541
Emily Turner,1542
Mercedes Perry,1543
Diane Fisher,1544
Gail Kelly,1545
Victoria Martin,1546
Dr. Katherine Small DDS,1547
Linda Graham,1548
James Lee,1549
Mary Herman,1550
Dana Cook,1551
Nicholas Young,1552
Amanda Montgomery,1553
Elizabeth Reese,1554
Brian Johnson,1555
Jason Guerrero,1556
Jason Johnson MD,1557
Marie Brown,1558
Amanda Farrell,1559
Kendra Shannon,1560
Craig Young,1561
Ronald Bruce,1562
Tanya Gutierrez,1563
Lisa Watson,1564
Marie Hancock,1565
Ricky Chen,1566
Kristin Frazier,1567
Matthew Douglas,1568
Robert Shah,1569
Scott Brown,1570
Lindsay Hall,1571
Kelly Boyd,1572
Tina Baker,1573
Bruce Howard,1574
Aaron Rodriguez,1575
Jeffrey Rodriguez,1576
Collin Lambert,1577
Molly Johnson,1578
Danny Guerrero,1579
Christian Lang,1580
Jessica Williams,1581
Bailey Richardson,1582
Terrance Flowers,1583
Craig Bauer,1584
Kelly Pearson,1585
Robert Landry,1586
Daniel Miller,1587
Timothy Montgomery,1588
James Hammond,1589
Paula Cuevas,1590
Matthew Andrews,1591
Angela Cruz,1592
Thomas Stafford,1593
Diane Stevens,1594
Christina Turner,1595
Beth Calhoun,1596
Stephanie Murphy,1597
Ronald Wong,1598
Lisa Boone,1599
Douglas Torres,1600
Hannah Mccoy,1601
Robert Heath,1602
Angela Brown,1603
Jeremy Haynes,1604
Stephen Miller,1605
Richard Cox,1606
Alexis Miller,1607
Brooke Torres,1608
Maria Thomas,1609
Sara Short,1610
Valerie Bell,1611
Christopher Mccarthy,1612
Renee Williams,1613
Michael Pena,1614
Robert Mejia,1615
Tina Clark,1616
Jay Stafford,1617
Jennifer Weber,1618
Kerry Crane,1619
Fernando Gonzales,1620
Pamela James,1621
Sarah Green,1622
Megan Stark,1623
Michael Hernandez,1624
Laura Butler,1625
Christopher Gardner,1626
Katie Mitchell,1627
Frank Salazar,1628
Angela James,1629
Jerry Bailey,1630
Jessica Ramirez,1631
Erica Bryant,1632
Brian Murray,1633
Robert Wilson,1634
Brenda Curtis,1635
Jeffery Jimenez,1636
Christopher Thomas,1637
Felicia Thompson,1638
Jeffrey Ford,1639
Andrea Williamson,1640
Randy Glover,1641
Michelle Wilson,1642
Robin Martinez,1643
Jamie Martinez,1644
Sarah Ward,1645
Andrew Gray,1646
Sean Evans,1647
Warren Wilson,1648
Brandi Hall,1649
Jasmine Little,1650
Rodney Rivera,1651
Mr. Steven Jones,1652
Robert Delgado,1653
Jennifer King,1654
Hector Morales,1655
Mrs. Amber Simmons,1656
Kevin Benson MD,1657
Karen Bush,1658
Kristin Cooper,1659
Kimberly Vazquez,1660
Kimberly Johnson,1661
Tabitha Rodriguez,1662
Cheryl Rice,1663
Donna Wells,1664
David Kelly,1665
Sean Miller,1666
George Warren,1667
Peggy Hester,1668
Joseph Robertson,1669
Jack Bridges,1670
Melinda Small,1671
Marissa Smith,1672
Anne Sims,1673
Patricia Rose,1674
Lacey Tucker,1675
Ricky Wright,1676
Emily Rivas,1677
Ryan Williams,1678
Abigail Clark,1679
Matthew Hughes,1680
Jill Padilla,1681
Evan Holden,1682
Evan Young,1683
Misty Ruiz,1684
Randy Washington,1685
Jo Deleon,1686
Samuel Stein,1687
Jonathan Hendricks,1688
Tracy Nelson,1689
Mike Ramirez,1690
Mary Baird,1691
Maria Rogers,1692
David Lopez,1693
Terri Stephens,1694
Julie Scott,1695
Jeffrey French,1696
Stephanie Williams,1697
Gina Rios,1698
Stephanie Todd,1699
Beth Adkins,1700
Stacey Small,1701
Christie Johnson,1702
Jonathan Mccullough,1703
Jordan Gibbs,1704
Raven Alexander,1705
Nathan Reeves,1706
Erin Holland,1707
David Gillespie,1708
Gina Wilkerson,1709
Caitlin Hodges,1710
Brian Hill,1711
Kristine Neal,1712
Heather Mitchell,1713
Kathryn Miller,1714
Edwin Trujillo,1715
Sheila Carter,1716
David Bailey,1717
Joseph Garza,1718
Marvin Pineda,1719
Aaron Hawkins,1720
Jacob Lane,1721
Jose Hinton,1722
Susan Brown,1723
Edward Phillips,1724
Michelle Pugh,1725
Christopher Benson,1726
Mary Mason,1727
Katherine Hill,1728
Yvonne Snyder MD,1729
Melanie Torres,1730
James Jenkins,1731
Kimberly Boyer,1732
Amy Bean,1733
Noah Matthews,1734
Daniel Lewis,1735
Mark Rodriguez Jr.,1736
Karla Dawson,1737
John Campbell,1738
Patricia Gallagher,1739
William Walters,1740
Scott Ford,1741
Teresa Carter,1742
John Welch,1743
Jesus Frost,1744
Matthew Noble,1745
Brianna Faulkner,1746
Christopher Buckley,1747
Jordan Martin,1748
Dana Brown,1749
Theresa Short,1750
Jennifer Mack,1751
Hannah Ford MD,1752
Pedro Rodriguez,1753
Morgan Robinson,1754
Andrew Edwards,1755
Gloria Erickson,1756
Mia Shepherd,1757
Keith Larson,1758
Andrew Brooks,1759
Johnny Kelly,1760
Alisha Klein,1761
Sydney Hunt,1762
Mr. Frank Moreno,1763
Kelly Lewis,1764
James Martinez,1765
Margaret Fowler,1766
Vanessa Lambert,1767
Diana Turner,1768
David Brandt,1769
Carlos Boyer,1770
Dr. Heather Salas DDS,1771
Joanne Armstrong,1772
Tanner Johnson,1773
Don Patel,1774
Bradley Lopez,1775
Roger Moore,1776
Mark Pacheco,1777
Joseph Salazar,1778
Victoria Ayala,1779
Lauren Conrad,1780
Richard Douglas,1781
Barbara Smith,1782
Travis Garza,1783
Dalton Flores,1784
James Wolfe,1785
Pamela Alvarez,1786
Clifford Swanson,1787
Jennifer Evans,1788
Cameron Mason,1789
Elizabeth Murphy,1790
Alicia Stephens,1791
Christopher House,1792
Eric Powell,1793
Amanda Harris,1794
Matthew Velez,1795
Roger Adams,1796
Kristi Johnson,1797
Jaclyn Hart,1798
Lori Thomas,1799
Christopher Riley,1800
Cameron Cross,1801
Sally Jenkins,1802
April Hernandez,1803
David Raymond,1804
John Hanson,1805
Mariah Jackson,1806
Michael Cook,1807
Lisa Chavez DDS,1808
Tammy Bowers,1809
Ashley Velasquez,1810
Julie Butler,1811
John Parsons,1812
Shawn Swanson,1813
Matthew Black,1814
Paul Bailey,1815
Anna Mcbride,1816
Maria Crosby,1817
Mathew Baker,1818
Megan Smith,1819
Carla Garcia,1820
Darlene Moreno,1821
Susan Hines,1822
Michael Davis,1823
Sandra Stark,1824
Mrs. Rachel White,1825
Christine Henderson,1826
Shelly White,1827
Kim Brandt,1828
Amanda Arnold,1829
Faith White,1830
Michele Lin,1831
Michael White,1832
Samantha Francis,1833
Christine Perez,1834
Paul Ferrell,1835
Tina Burton,1836
Kelly Greene,1837
Gabriel Rice,1838
Michelle Bradford,1839
Melissa Higgins,1840
Daniel Spencer,1841
Dennis Cox,1842
Melissa Ewing,1843
Devin Schultz,1844
Billy Grant,1845
Christopher Henson,1846
Oscar White,1847
Chad Rocha,1848
Daisy Hinton,1849
David Wilson,1850
Madison Cole,1851
Roberto Terry,1852
Dillon Gonzalez,1853
Melinda Perez,1854
Matthew Combs,1855
Cheryl Collins,1856
Shelly Johnson,1857
Matthew Jones,1858
Brandon Williams,1859
David Weeks,1860
Michelle Greer,1861
Cynthia Walton,1862
Jared Chang,1863
Miranda Spencer,1864
Anna Watts,1865
Joshua Barker,1866
Katelyn Lloyd,1867
Heather Vargas,1868
Roger Barnes,1869
Steven Herrera,1870
Rebecca Young,1871
Jason Reynolds,1872
Justin Davidson,1873
Phillip White,1874
Tony Randall,1875
Spencer Mayer,1876
William Warner,1877
Shelly Wells,1878
Donald Stanley,1879
Brenda Espinoza,1880
Elizabeth Harrington,1881
Spencer Russo,1882
Tony Sparks,1883
Kimberly Young,1884
Aaron Marshall,1885
Regina Ramirez,1886
Brian Keller,1887
Dr. Mike Oneill,1888
Cody Hatfield,1889
Nicholas Reeves,1890
Wendy Carr,1891
Jose Gaines,1892
Brian Martinez,1893
Peter Rivas,1894
Lydia White,1895
Sarah Martinez,1896
Andrew Melton,1897
Pamela Wells,1898
Samantha Wells,1899
Casey Myers,1900
Jasmine Buckley,1901
Charles Powell,1902
Joshua Stephens,1903
Kelly Graves,1904
Mary Williams,1905
Molly Gibson,1906
Charles Robertson,1907
Tiffany Trujillo,1908
Scott Wagner,1909
Elizabeth Patterson,1910
Justin Perkins,1911
Erik Singh,1912
Kelly Walker,1913
Stephanie Sparks,1914
Jaime Padilla,1915
Zachary Phillips,1916
Miguel Ross,1917
Vincent Wade,1918
Anna Rodriguez,1919
Daniel English,1920
Victoria Copeland,1921
Jeffrey Bean,1922
David Boyd,1923
Xavier Lynch,1924
Ryan Serrano,1925
Dale Rodriguez,1926
Jessica Nichols,1927
Melinda Stokes,1928
Timothy Boyer,1929
Danny Bonilla,1930
Eric Ross,1931
Dylan Ball,1932
Matthew Beck,1933
Matthew Watson,1934
Tonya Hall,1935
Daniel Stone,1936
Janice Espinoza,1937
Jeffrey Johnson,1938
Jeanette Daniels,1939
Andrea Sanchez,1940
Michelle Johnson,1941
Bryce Pierce,1942
Alan Keith,1943
Vanessa Miller,1944
Daniel Gonzales,1945
Curtis Spencer,1946
Edwin Martinez,1947
Lawrence Parks,1948
Randy Warren,1949
Samantha Henry,1950
Patrick Jenkins,1951
Jesus Burton,1952
Robin Harris,1953
Craig Dillon,1954
Rita Ray,1955
Nichole Garcia,1956
Dawn Jenkins,1957
Scott Quinn,1958
Jacqueline Sherman,1959
Kathryn Campbell,1960
Kyle Martin,1961
Hannah Gallagher,1962
Cynthia Romero,1963
Elizabeth Brooks,1964
John Boyd,1965
Michael Brown,1966
Mr. Douglas Scott,1967
Steven Cooley,1968
Drew Rojas,1969
Rebecca Miranda,1970
Melissa Martin,1971
Brittany Young,1972
John Morrow,1973
Raven Walters,1974
David Hill,1975
Sandra Rodgers,1976
Jacqueline Valdez,1977
Jose Thomas,1978
Ronald Martin,1979
Krista Barnes,1980
Tyler Hood PhD,1981
Courtney Love,1982
Thomas Olson,1983
Rebekah Hicks,1984
Erin Bennett,1985
Ian Smith,1986
Mary Wade,1987
Richard Hill DDS,1988
Jesse Davis,1989
Jesse Taylor,1990
Jeffrey Smith,1991
Barbara Wagner DDS,1992
Ann May,1993
Michelle Trevino,1994
Theresa Watson,1995
Barbara Barnes,1996
Michael Morgan,1997
Jeremy Flores,1998
Steven George,1999
Katherine Estrada,2000
Colleen Haynes,2001
Kathryn Bradley,2002
Melanie Jacobson,2003
Erica Randolph,2004
Kenneth Mckinney,2005
Ashley Young,2006
Brian Smith,2007
Rachel Pugh,2008
Philip Jones,2009
Derek Lee,2010
Matthew Holland,2011
Melissa Robinson,2012
Robert Barnes,2013
David Valdez,2014
Gina Taylor,2015
Allison Herring,2016
Xavier Hester,2017
Cheryl Brooks,2018
Angela Owens,2019
Dustin Bentley,2020
Nicholas Brown,2021
Dr. Michael Mccormick DVM,2022
Shane Russell,2023
Dennis Barajas,2024
Nicholas Gordon,2025
Mrs. Janice Williams MD,2026
Dr. Brian Lambert,2027
Brian Atkinson,2028
James Manning,2029
David Hawkins,2030
Bruce Smith,2031
Chris Johnson,2032
Yolanda Cooper,2033
Victor Huffman,2034
Lisa Terry,2035
Margaret Luna,2036
Debra Novak,2037
Jeffrey Williams,2038
Jason Crawford,2039
Melissa Harvey,2040
Lauren Atkins,2041
Anne Montgomery,2042
Vincent Wong,2043
Michael Walsh,2044
Jordan Taylor,2045
Harry Mccarthy,2046
Sabrina Mcgrath,2047
Collin Pierce,2048
Trevor Pena,2049
Ashley Adams,2050
Elizabeth Stevens,2051
Shaun Allen,2052
Tina Mitchell,2053
Joshua Lam,2054
Ruben Jones,2055
Martin Davis,2056
Crystal Johnson,2057
Sandy Lopez,2058
Timothy Key,2059
Linda Fernandez,2060
Laura Lane,2061
Ryan Weeks,2062
Brian Thompson,2063
Christian Chen,2064
Angel Lee,2065
Brianna Arroyo,2066
Brian Tyler,2067
Alicia Fischer,2068
Felicia Davidson,2069
Shannon Chung,2070
Kimberly York,2071
John Hill,2072
Jessica Johnson,2073
Nathan Berg,2074
Bryan Young,2075
Kendra Clark,2076
Bradley Owen,2077
Rachel White,2078
Lisa Winters,2079
Brittany Perez,2080
Rebecca Walsh,2081
Sara Bishop,2082
Jack Shepherd,2083
Brandon Kelly,2084
Juan Moore,2085
Wendy Perez,2086
Julie Hamilton,2087
Heather Myers,2088
Jesse Chavez,2089
Jacqueline Leonard,2090
Natalie Carr,2091
Kerry Shepard,2092
Mark Fitzgerald,2093
Michael Freeman,2094
Stephanie Donaldson,2095
Roberta Steele,2096
Tiffany Wilson,2097
Ashley Jones,2098
Dominic Ward,2099
Kathy Archer,2100
Anthony Miller,2101
Kayla Fischer,2102
James Velasquez,2103
Caroline Brown,2104
Zachary Hendricks,2105
Richard Sanders,2106
Emily Henderson,2107
Brian Wood,2108
Sarah Perez,2109
Lindsay Walker,2110
James Terry,2111
Dr. Andrew Davis PhD,2112
Regina Vaughn,2113
Geoffrey Campos,2114
Kimberly Ward,2115
Melissa Solomon MD,2116
Debbie Smith,2117
Mrs. Marie Copeland,2118
Angela Hamilton,2119
Sara Ellis,2120
Brandy Merritt,2121
Bonnie Rose,2122
Dalton Shepard,2123
Sandra Edwards,2124
Victoria Smith,2125
Sandra Nelson,2126
William Key,2127
Richard Poole,2128
Michelle Hudson,2129
Charles Tucker,2130
David Johnston,2131
Kelly Richards,2132
Debra Walter,2133
Megan Perez,2134
Lisa Wolfe,2135
Kaitlyn Levine,2136
Alisha Deleon,2137
David Cervantes DDS,2138
Jill Rodriguez,2139
Paul Sexton,2140
Nicole Jackson,2141
Joyce Moore,2142
Hector Knight,2143
Paige Cain,2144
Christopher Evans,2145
Justin Bell,2146
Luis Estrada,2147
Amanda Cole,2148
Joshua King,2149
Terri Reyes,2150
Michelle Braun,2151
Jeffrey Ortiz,2152
Emily Jones DDS,2153
Katelyn Harris,2154
Shane Garcia,2155
Christine Hopkins,2156
Theresa Mahoney,2157
Kathryn Sanchez,2158
William Mendez,2159
Michelle Spears,2160
Aaron Bishop,2161
Jessica Brooks DDS,2162
Matthew Wiley,2163
John Kelly,2164
Ricky Suarez,2165
Tonya Rollins,2166
Larry Gilmore,2167
Diana Ray,2168
Elizabeth White,2169
Lindsay Bennett,2170
Mason Harris,2171
Pamela Phillips,2172
Cheryl Cherry,2173
Mary Lee,2174
Michael Lewis,2175
Patricia Casey,2176
Shawna Adkins,2177
Courtney Martinez,2178
Anthony Mcdonald,2179
Maria Hensley,2180
Robert Case,2181
Johnny Olson,2182
Karen Reyes,2183
Brian Gamble,2184
Tonya Morales,2185
Elizabeth Walker,2186
Mrs. Meredith Bowers,2187
Patrick Harper,2188
Priscilla Heath,2189
Eric Moore,2190
Paul Bartlett,2191
Jeffrey Hicks,2192
Theresa Hunter,2193
Jason Sellers,2194
Joel Reyes,2195
Scott Howard,2196
Alexis Murray,2197
John Hartman,2198
Kelli Smith,2199
Kimberly Garrison,2200
Christopher Romero,2201
Ashley White,2202
Tina Vargas,2203
Mark Jackson,2204
Mark Jones,2205
Amy Harris,2206
Daniel Roy,2207
Adrian Benjamin,2208
Jesse Jefferson,2209
Troy Ballard,2210
Cindy Henderson,2211
Lori Martin,2212
Alicia Taylor,2213
Dale Khan,2214
Kyle Franklin,2215
Wesley Robinson,2216
Stephen Henson,2217
Jessica Parks,2218
Ryan Lewis DVM,2219
Alejandro Jones,2220
Tina Kim,2221
Joseph Tate,2222
Rachel Dean,2223
Jill Stevens,2224
Andrew Moore,2225
Katelyn Stafford,2226
Nicole Burgess,2227
Bobby Martin,2228
Dale Hamilton,2229
Sherry Rivera,2230
James Cole,2231
Chris Bell,2232
Breanna Tyler,2233
Gerald Aguilar,2234
Sandra Crosby,2235
Joseph Gonzalez,2236
Amy Bush,2237
Tina Patton,2238
John Larsen,2239
Wendy Clark,2240
Logan Murray,2241
George Kennedy,2242
Barry Perez,2243
Carl Schmidt,2244
Kathleen Saunders,2245
Nicolas Watkins,2246
Rebecca David,2247
Alejandra Coleman,2248
Carlos Smith,2249
Krystal Graham,2250
Carol Wilson,2251
Justin Erickson,2252
Tonya Velasquez,2253
Darrell Wright,2254
Sierra Garcia,2255
Joseph Griffith,2256
Laura Salinas,2257
Willie Tanner,2258
Jennifer Murray,2259
Mrs. Rhonda Herman,2260
Yolanda Holmes,2261
Crystal Miller,2262
Gail Travis,2263
Gerald Davis,2264
Lance Howell,2265
Martin Mendoza,2266
Connor Vasquez,2267
Mary Washington,2268
Nicholas Hopkins,2269
Shane Miller,2270
Jose Burch,2271
Scott Castro,2272
Carla Lopez,2273
Joshua Perry,2274
Michael Schultz,2275
Jessica Mills,2276
Amy Mills,2277
William Harper,2278
Susan Martinez,2279
Dr. John Andrews,2280
Alexis Larson,2281
Louis Montoya,2282
Michael Price,2283
Charles Hill,2284
Mary Jones,2285
Michael Ward,2286
James Contreras,2287
Miranda Lopez,2288
Tabitha Velasquez,2289
Bailey Smith,2290
Adam Tran,2291
Kayla Hogan,2292
Kimberly Santos,2293
Sarah Lee,2294
Elizabeth Newton,2295
James Mcdonald,2296
Justin Smith,2297
James Gonzalez,2298
Lawrence Peck,2299
Trevor Anderson,2300
Kristen Calderon,2301
Hannah Evans,2302
Amy Mcgrath,2303
Emily Rodriguez,2304
Erica French,2305
Kevin Phillips,2306
Scott Gonzalez,2307
Mr. Cody Brennan MD,2308
Christine Edwards,2309
Jessica Murphy,2310
Kimberly Leach,2311
Abigail Logan,2312
Mark Morton,2313
Sydney Hogan,2314
Patrick Brewer,2315
Joshua Young,2316
Anna Maxwell,2317
Kevin Perry,2318
Michael Thompson,2319
Paula Alexander,2320
Brian Delgado,2321
Danny Osborn,2322
Richard Padilla,2323
Tyler Mercado,2324
Jose Reese,2325
Kelly Horn,2326
Amanda Snyder,2327
Jessica Perez,2328
Peter Ward,2329
Kayla Rios,2330
Mrs. Kimberly Marquez,2331
Dr. Joy Waters MD,2332
Ronald Christian,2333
Lauren Parks,2334
Brittney Crawford,2335
Shane Kim,2336
John Rodriguez,2337
Wanda Miller,2338
Amanda Jones,2339
Gabriel Parsons,2340
Jonathan Hill,2341
Stephen Reeves PhD,2342
Devin Gonzales,2343
Rachel Andrews,2344
Mr. Nathaniel Johnson,2345
Brian Vazquez,2346
Rebecca Crawford,2347
Douglas Francis,2348
Steven Wu,2349
Rhonda Jordan,2350
Jerry Grant,2351
Amber Velazquez,2352
Sara Peterson,2353
Cassandra Santiago,2354
Mrs. Alyssa Smith,2355
Bradley Evans,2356
Miranda Wilson,2357
Phyllis Patton,2358
Mark Parks,2359
Matthew Soto,2360
Ariana Newton,2361
Joel Nguyen,2362
Anne Morgan,2363
Beth Smith,2364
Mrs. Paige Ellison DDS,2365
Linda Huang,2366
Gregory Brandt,2367
Keith Haas,2368
Cheryl Pena,2369
Andrew Howard,2370
Bradley Jimenez,2371
Jared Odonnell,2372
Mercedes Tucker,2373
Dr. Derrick Allen,2374
Justin Love,2375
Stephen Fields,2376
Albert Adams,2377
Bradley Anderson,2378
Brenda Jennings,2379
Kyle Allen,2380
Lori Daniel,2381
Matthew Harris,2382
Gerald Camacho,2383
Mike Quinn,2384
Paula Knapp,2385
Jose Montgomery,2386
Melinda Scott,2387
Alicia Myers,2388
Joshua Barnes,2389
Lee Contreras,2390
Ashley Singleton,2391
Jacqueline Burgess,2392
Jonathan Huynh,2393
Sophia Mendoza,2394
Kirk Moore,2395
Melissa Norton,2396
Paul Rice,2397
Mark Byrd,2398
Brittney Newman,2399
Madison Jennings,2400
John Hicks,2401
Kenneth Baker,2402
Alex Flynn,2403
Joe Peterson,2404
James Molina,2405
Natalie Herrera,2406
Christina Gonzalez,2407
Eric Parker,2408
Gabriel Kane,2409
Robert Harrell,2410
Tiffany Francis,2411
Amber Nelson,2412
Linda Gonzalez,2413
John Hutchinson,2414
Jasmine Long,2415
Jason Taylor,2416
Logan Robinson,2417
Justin Sims,2418
Steven Stephens DDS,2419
Jennifer Nixon,2420
Rodney Faulkner,2421
Justin Barajas,2422
Scott Waller,2423
Alexander Steele Jr.,2424
Mark Simon,2425
Katie Sanchez,2426
Travis Allen,2427
Richard Rodriguez,2428
Andrea Ramsey,2429
Gabriel Fuller,2430
Stacy Riley,2431
Nicole Miller,2432
Heather Matthews,2433
Jason Walker,2434
Thomas Warner,2435
Amanda Calderon,2436
Lisa Allison,2437
Joel Mejia,2438
Troy Byrd,2439
Gabriela Brown,2440
Melissa Smith,2441
Kevin Carter,2442
Jacqueline Berry,2443
Whitney Morris,2444
Brian Powell,2445
Stephanie Ramirez,2446
Christopher Branch,2447
Christina Williams,2448
Amy Terrell,2449
Kevin Nelson,2450
Norman Johnson,2451
David Hanson,2452
Jo Jones PhD,2453
Steven Davis,2454
Morgan Hayes,2455
Jessica Taylor,2456
Taylor Castillo,2457
Vickie Anderson,2458
Jillian Hill,2459
Tony Adams,2460
Christine Velasquez,2461
Brandon Thompson,2462
Cynthia Stewart,2463
Jennifer Wilson,2464
Martha Ruiz,2465
Christopher Johnson,2466
Charles Wilson,2467
Christopher Swanson,2468
Nicholas Johnson,2469
Tyler Krueger,2470
Michele Johnson,2471
Caitlin Lee,2472
Mrs. Amanda Mosley,2473
Michael Howell,2474
Karen Trujillo,2475
Brian Reeves,2476
Ebony Silva,2477
Michael Morris,2478
Michael Grant,2479
Dr. Laura Garcia,2480
Shelley Williams,2481
Rhonda Noble,2482
Shaun Garner,2483
Gavin English,2484
Donna Murphy,2485
Dr. Amanda Cummings DDS,2486
John Mason,2487
Wyatt Forbes,2488
Jason Hamilton,2489
Christine Hamilton,2490
Jordan Moore,2491
Mary Richardson,2492
Sydney Martinez,2493
Steven Mcdaniel,2494
Tiffany Murphy,2495
Tiffany Shields,2496
Monica Perez,2497
Keith Daniels,2498
Lori Grant,2499
Catherine Lynn,2500
Casey Davis,2501
Denise Rogers,2502
Brent Hines,2503
Michelle Montoya,2504
Steven Jones,2505
Joseph Boyer,2506
Danielle Ferguson,2507
Stanley Nguyen,2508
Jeffrey Melendez,2509
Katelyn Hunter,2510
Michael Henderson,2511
Christopher Mata,2512
Vanessa Mcclain,2513
Gina Johnson,2514
Olivia Blackwell,2515
Danielle Maddox,2516
Jesus Johnson,2517
Christine Bradley,2518
Christine Hogan,2519
Joseph Jones,2520
Yolanda Wilson,2521
Anthony Mendoza,2522
Heather Le,2523
Christina Jones,2524
Bryan Joseph,2525
Teresa Scott,2526
Jesse Barrett,2527
John Chan,2528
Barbara Moore,2529
Jeffrey Clayton,2530
Diana Hicks,2531
Stacey King,2532
Stephen Hale,2533
Adam Oconnor,2534
Leslie Wagner,2535
Nathan Todd,2536
Trevor Moran,2537
Christina Compton,2538
Stephen Simpson,2539
Daniel Munoz,2540
Jennifer English,2541
Duane Olson,2542
Mrs. Sara Tran MD,2543
Alexis Hull,2544
Stephanie Jackson,2545
Juan Key,2546
Kristen Griffith,2547
Nicole Anderson,2548
Madison Young,2549
William Wagner,2550
Isabel Harding,2551
Christina Brown,2552
Melissa Ross,2553
Nicole Larson,2554
Daniel Brown,2555
Brian Evans,2556
Christopher Cobb,2557
John Perkins,2558
Sean Moore,2559
Tricia Eaton,2560
Yvonne Williams,2561
Gary Decker,2562
Antonio Montgomery,2563
Kristin Long,2564
Kristine Chambers,2565
Brian Rodgers,2566
Maria Wright,2567
Denise Bird,2568
Theresa Thompson,2569
Joshua Ray,2570
Marc Tucker,2571
Pam Garcia,2572
Andrew Wright,2573
Nicholas Hall,2574
Charles Thomas,2575
Mark Martin,2576
Christine Ramirez,2577
Stephanie Rivera,2578
Jason Yang,2579
Erica Gonzalez,2580
Amber Gay,2581
Heather Phillips,2582
Shawn Snyder,2583
Wendy Joseph,2584
Kevin Reid,2585
Barbara Petersen,2586
Gary Rios,2587
Julie Russell,2588
Brian Mitchell,2589
Daniel Reed,2590
Crystal Ross,2591
April Sparks,2592
Sandra Weaver,2593
Eric Graham,2594
Russell Patel,2595
Joshua Pope,2596
Paul Medina,2597
Lauren Carson,2598
Brandy Jones,2599
Heather Porter,2600
Ricky Davis,2601
Rachel Rios,2602
Amy Ramos,2603
Kayla Wilson,2604
David Hood,2605
Thomas Mcguire,2606
Laura Barrett,2607
Ashley Maddox,2608
Natalie Daugherty,2609
Denise Lester,2610
Robert Reeves,2611
Robin Meyer,2612
Glenn Rodriguez,2613
Heather James,2614
Cynthia Peterson,2615
Paul Reynolds,2616
Amy Knight,2617
Jacob Herrera,2618
Richard Anthony,2619
Carrie Ryan,2620
Heather Jones,2621
Christopher Greer,2622
Jessica Hudson,2623
Kathryn Greer,2624
Dominique Manning,2625
Jessica Harris,2626
Debra Herrera,2627
Joshua Suarez,2628
Evan Robinson,2629
Russell Braun,2630
John Beltran,2631
Phyllis Williams,2632
Joseph Harris,2633
Danny Lopez,2634
Mr. Brandon Tapia MD,2635
Michael Fitzgerald,2636
Todd Christian,2637
David Walker,2638
Natalie Goodman,2639
Christine Nelson,2640
Martin White,2641
Randy Williams,2642
Misty Gonzales,2643
Gregory Maddox,2644
Mrs. Beth Fox,2645
Jessica Rogers,2646
Erica Jackson,2647
Amy Allison,2648
Julia Cochran,2649
Cynthia Osborn,2650
Joshua Daniel,2651
Stephanie Carlson,2652
Thomas Owens,2653
Kelly Ayers,2654
Alan Mitchell,2655
Aaron Archer,2656
Jennifer Anderson,2657
Kevin Sims,2658
Martin Walsh,2659
Travis Crawford,2660
Zachary Campbell,2661
Susan Conway,2662
Wanda Carr,2663
Shannon Jones,2664
Ronald Williams,2665
Alan Waters,2666
Scott King,2667
Stacey Dean,2668
Marisa Gardner,2669
Stacy Wheeler,2670
Amy Peterson,2671
Melissa Martinez,2672
Gregory Smith,2673
Charles Black,2674
Cindy Taylor,2675
Joe Reeves,2676
Kari Parker,2677
Dennis Hernandez,2678
Catherine Richmond,2679
Rodney Mcdaniel,2680
Brittany Campos,2681
Ashlee Sanchez,2682
Autumn Taylor,2683
Angela Roberts,2684
John Kemp,2685
Angela Smith,2686
Brandy Garcia,2687
Lori Harris,2688
Michael Underwood,2689
Kayla Cooper,2690
Monica Carson,2691
Thomas Black,2692
Kelsey Lane,2693
Nancy Sellers,2694
Tabitha Garcia,2695
Julia Lawrence,2696
Laura Flores,2697
Phillip Tate,2698
Pamela Cummings,2699
Amanda Lopez,2700
Ryan Cordova,2701
Cory Davidson,2702
Veronica Lamb,2703
John Lopez,2704
Jesus Rivera,2705
Lisa Jackson,2706
Shannon Fischer,2707
Chelsey Mccormick,2708
Mary Elliott,2709
Edward Goodman,2710
Margaret Hernandez,2711
Jesse Hart,2712
Charles Brown,2713
Pamela Berry,2714
Daniel Austin,2715
Jorge Juarez,2716
Richard Turner,2717
Heather Wilson,2718
Jason Ortiz,2719
Hannah Krause,2720
Rachael Rivera,2721
Karen Collier,2722
Autumn Cook,2723
Katherine Price,2724
Vincent Neal,2725
Tom Miller,2726
Clarence Peterson,2727
Anthony Griffin,2728
Jeffery Wilcox,2729
Ann Wilkerson,2730
Dylan Berry,2731
Leonard Smith,2732
Christopher Williams,2733
Evan Moore,2734
Kayla Gates,2735
Shannon Chen,2736
Craig Gonzalez,2737
Andrea Cooper,2738
Katherine Mckay,2739
Kristina Smith,2740
Jeremy Stone,2741
Mary Huber,2742
Terry Wilson,2743
Raymond Fernandez,2744
Faith Ross,2745
Laura Buck,2746
Amy Arias,2747
Kathleen Hanson,2748
David Campbell,2749
Timothy Parker,2750
Daniel Walker,2751
Connie Lewis,2752
Jessica Barker,2753
Jenna Taylor,2754
Christine Coleman,2755
Ryan Coleman Jr.,2756
Alisha Becker,2757
John Copeland,2758
Joseph Sexton,2759
Michelle Kelley,2760
Dustin Wagner MD,2761
Adam Kidd,2762
Barbara Hill,2763
Amber Lopez,2764
Tamara Powell,2765
Ryan Kelly,2766
Tammy Thornton,2767
Lisa Garcia,2768
Mary Brown,2769
Vincent Smith,2770
Marc Riley,2771
Steven Davenport,2772
Richard Adams,2773
Jody Reeves,2774
Katie Bell,2775
Jeffery Dean,2776
Tracy Gutierrez,2777
Daryl Morton,2778
Anthony Mccann,2779
Kayla Stevens,2780
James Nguyen,2781
Jessica Sanders,2782
Juan Rose,2783
Lisa Leblanc,2784
Kevin Rhodes,2785
Mrs. Erica James,2786
Caitlin Wilson,2787
Scott Johnston,2788
Jennifer Benjamin,2789
Jeff Herring,2790
Andrew Le,2791
Jeremiah Cunningham,2792
Christina Martin,2793
Ryan Jones,2794
Blake Brown,2795
Cameron Smith,2796
Sara Becker,2797
Daniel Greene,2798
Derek Murphy,2799
Michelle Jones,2800
Paul Ramos,2801
Brian Gardner,2802
Judy Frazier,2803
Albert Garcia,2804
Betty Morales,2805
Pamela Smith,2806
Tracy Buck,2807
John Miller,2808
Christopher Robertson,2809
Gina Cole,2810
Michael Flores,2811
Kenneth Mccoy,2812
Luis Singh,2813
Mr. William Eaton,2814
Randy Chapman,2815
Melissa Copeland,2816
Edward Park,2817
Christopher Sawyer,2818
Sarah Roberts,2819
Courtney Anderson,2820
Samuel Nelson,2821
Cody Curtis,2822
Anna Hansen,2823
Joe Miller,2824
Kristen Ray,2825
Shirley Espinoza,2826
David Oconnell,2827
Rachel Robbins,2828
Ronald Moses,2829
Lee Frazier,2830
Michael Sanchez,2831
Karen Howard,2832
Andrew Mccann,2833
Nicholas Potts,2834
Mark Lee,2835
Lisa Simmons,2836
Robert Warren,2837
Stephen Davis,2838
Brenda Mcmillan,2839
Jason Robinson,2840
Linda Rich,2841
Dustin Conrad,2842
Stacy Bradley,2843
Kelly Barker,2844
Amber Leonard,2845
Julia Miller,2846
Caitlin Jones,2847
Pamela Vaughn,2848
Brooke Gomez,2849
Jack Vasquez,2850
Alice Franco,2851
Tammy Barker,2852
Gloria Hess,2853
Adrian Rodriguez,2854
Luis Green,2855
Dr. Rhonda Fritz,2856
Brandon Perry,2857
Sherry Gentry,2858
Brian Woods,2859
Lori Johnson,2860
Seth Martin,2861
Megan Williams,2862
Carla Cook,2863
Juan Fischer,2864
Jacqueline Molina,2865
Elizabeth Price,2866
Dave Snyder,2867
Brad Hernandez,2868
Chad Murphy,2869
Katherine Evans,2870
Jeffery Gray,2871
Melissa Williams,2872
Erica Woods,2873
Alicia Parker,2874
Zachary Graham,2875
Sydney Allen,2876
David Foley,2877
Danielle Leon,2878
Amy Walters,2879
Kenneth Mendez,2880
Ashley Harmon,2881
Kelly Edwards,2882
Alexis Walker,2883
Tammy Watkins,2884
Jesse Swanson,2885
Richard Lara,2886
Stephen Parks,2887
Daniel Hernandez,2888
Alicia Crawford,2889
Cynthia Lynch,2890
Alexandra Shepherd,2891
Erica Scott,2892
James Taylor,2893
Chad Allen,2894
Mr. Christopher Massey,2895
James Sweeney,2896
Lydia Chandler,2897
Laurie Singh,2898
Steven Mendoza,2899
Luis Greene,2900
Kelly Reed,2901
Gabriela Rose,2902
Ana Perez,2903
Lauren Velez,2904
Rickey Garcia,2905
Marcus Lewis,2906
Alyssa Rojas,2907
Shawn Owen,2908
Chelsea Diaz,2909
Barbara Reed,2910
Todd Harper,2911
Bruce Moore,2912
Meghan Thomas,2913
Dr. Elizabeth Le,2914
James Jacobs,2915
Crystal Robinson,2916
Erica Russell,2917
Amy Green,2918
Stacey Dodson,2919
Samantha Meyer,2920
Kristina Meyer,2921
Kara Johnson,2922
Susan Alvarado,2923
Thomas Mitchell,2924
Daniel Riggs,2925
James Hall,2926
Erin Perez,2927
Francisco Jones,2928
Renee Park,2929
Valerie Ellis,2930
Cory Day,2931
Jason Cooper,2932
Brittney Wilkerson,2933
Patricia Burton,2934
Victoria Morris,2935
Deborah Singh,2936
Richard Ward,2937
Taylor Little,2938
Jordan Allen,2939
Heather Simpson,2940
Ebony Norton,2941
Devin Lopez,2942
Robert Thomas,2943
Joel Bennett,2944
Victor Maldonado,2945
Denise Chandler,2946
Brian Gutierrez,2947
Jessica Stevenson,2948
Nicholas Wall,2949
Mary Gaines,2950
Rachel Gardner,2951
John Anthony,2952
Frederick Lopez,2953
Ricky Collins,2954
Kenneth Fowler,2955
Cynthia Horton,2956
Joshua Lara,2957
Jason Moore,2958
Victoria Castro,2959
Whitney Curtis,2960
Holly Barrera,2961
Mackenzie Thornton,2962
Glenn Ward,2963
Shelby Turner,2964
Wayne Clements,2965
Kendra Sims,2966
Wendy Wilson,2967
Robert Medina,2968
Dr. David Parker MD,2969
Wyatt Miller,2970
Danielle Higgins,2971
Jonathon Hunt,2972
Shari Smith,2973
Tammy Mack,2974
Juan Austin,2975
Holly Armstrong,2976
Samuel Ibarra,2977
Heather Watson,2978
Dr. Timothy Tanner,2979
Amanda Cline,2980
Mark Shannon,2981
Sean Heath,2982
Martin Adams,2983
Trevor Little,2984
Scott Ross,2985
David Munoz,2986
Maureen Hernandez,2987
Ricky Phillips,2988
Tara King DVM,2989
Justin Thompson,2990
Justin Martinez,2991
Erika Harmon,2992
Michael Sellers,2993
Chase Mitchell,2994
Christopher Allen,2995
Nicole Roach,2996
Darren Robinson,2997
Raymond Welch,2998
Thomas Richards,2999
Robert Simmons,3000
Kenneth Coleman,3001
Frank Burns,3002
Emily Garner,3003
Laura Norris,3004
Billy Byrd,3005
Gordon Todd,3006
Nicole Dudley,3007
Ricky Swanson,3008
Renee Buck,3009
Manuel Cummings,3010
Anthony Mccullough,3011
James Watson,3012
Molly Huff,3013
Alexander Schneider,3014
Sydney Gonzales,3015
Alexander Hines,3016
Cheryl Decker,3017
Julie Forbes,3018
Patrick Gray,3019
Jeffrey Lawson,3020
Kelly Alvarez MD,3021
Candace Payne,3022
Clayton Harrison,3023
Gregory Rowe,3024
Mr. Jonathan Wilson DDS,3025
Laura Johnson,3026
Susan Armstrong,3027
Lisa Nichols,3028
Joshua Thompson,3029
Hannah Ellison,3030
John Morales,3031
Emily Massey,3032
Stephanie Bautista DDS,3033
Bethany Dickerson,3034
Tony Guzman,3035
Jennifer Blanchard,3036
Kelly Martin,3037
Katherine Mitchell,3038
Anthony Camacho,3039
Mark Carpenter,3040
Francisco Robinson,3041
Larry Fields,3042
Kenneth Huber,3043
James Jones,3044
Erica Johnson,3045
Amanda Barnes,3046
Kaylee Marshall,3047
Nicholas Castro,3048
Brittany Hayes,3049
Kylie Johnson,3050
Jeffrey Carter,3051
Kayla Ingram,3052
Michael Gibson,3053
Roger Carlson,3054
Robert Simpson,3055
Leslie Jackson,3056
Phyllis Green,3057
Craig Cooper,3058
Jessica Faulkner,3059
Christopher Vega,3060
Suzanne Miller,3061
Barbara Hunt,3062
Kimberly Frazier,3063
Jennifer Allen,3064
Aaron Pacheco,3065
Justin Rodgers,3066
Brianna Harris,3067
Sean Barber,3068
Samantha Moreno,3069
Laura Hall,3070
Michael Foley,3071
Lisa Lewis,3072
Adriana Petty,3073
Matthew Page,3074
Michael Fox,3075
Cynthia Flores,3076
Bradley Harris,3077
Anna Cervantes,3078
Thomas Brewer,3079
Allison Shaw,3080
Nicholas Williams,3081
Christine Smith,3082
Zachary Beltran PhD,3083
Kenneth Cannon,3084
Jamie Cervantes,3085
Brandon Williamson,3086
Robert Crawford,3087
Sarah Liu,3088
Joseph Reese,3089
Kristie Ray,3090
Frank Li,3091
Micheal Brown,3092
David Barrera,3093
Andrew Rangel,3094
Jeffrey Huff,3095
David Morales,3096
Kellie Daniel,3097
Lauren Tucker,3098
Cathy Wolf,3099
Daniel Horn,3100
Noah Santiago,3101
David Palmer,3102
Mark Fernandez,3103
Joseph Pollard,3104
Michelle Duarte,3105
Emily Johnson,3106
Adam Stuart,3107
Jeanette Hartman,3108
Christopher Becker,3109
Mr. Ryan Cruz,3110
Jason Johnson,3111
James Ochoa,3112
Pamela Howe,3113
Morgan Flynn,3114
Nicholas Duran,3115
George Hendricks,3116
Johnny Fuentes,3117
Courtney Mccoy,3118
Dr. Michael Sanchez MD,3119
Brianna Combs,3120
Nathan Evans,3121
Mark Jenkins,3122
Roy Thomas,3123
Debra Anderson,3124
Tammy Cole,3125
Donna Mclaughlin,3126
Patricia Taylor,3127
Autumn Dunn,3128
Michael Bradley,3129
Karen Young,3130
Destiny Marsh,3131
Lori Middleton,3132
Brian May,3133
Ernest Bates,3134
Lisa Howell,3135
Joseph Smith,3136
Ricky Roberts,3137
Edgar Wilson,3138
Briana Keller,3139
Jacob Guerrero,3140
Amy Quinn,3141
Anthony Travis,3142
Jeffrey Matthews,3143
Scott Knight,3144
Sharon Horton,3145
Anthony Bailey,3146
Matthew Sanders,3147
Aaron Brown,3148
Mark Orr,3149
Beth Miller,3150
Joanna Reynolds,3151
Sarah Rice,3152
Jeffrey Miller,3153
Leonard Hogan,3154
Valerie Dalton,3155
Jacob Jones,3156
James Perez,3157
Tara Kane,3158
Corey Diaz,3159
William Oconnor,3160
Denise Vance,3161
Katie Mendoza,3162
Ashley Garcia,3163
Michael Russell,3164
Christina Bonilla,3165
Julie Davis,3166
Jessica Floyd,3167
Haley Watson,3168
Matthew Frazier,3169
Jamie Martin,3170
John Clark,3171
Christopher Padilla,3172
Robin Smith,3173
Raymond Murphy,3174
Darrell Ramos,3175
Wendy Coleman,3176
John Valdez,3177
Sean Wells,3178
Emily Simpson,3179
Brent Meza DDS,3180
Michael Sims,3181
Benjamin Sanders,3182
Courtney King,3183
Ryan Carroll,3184
Karen Wallace,3185
David Oconnor,3186
Ebony Cortez,3187
Tony Lopez,3188
Chad Avery II,3189
Jorge Lopez,3190
Elizabeth Salazar,3191
William Reid,3192
Tina Maxwell,3193
Gary Parker,3194
Angela Harrell,3195
Dale Porter,3196
Warren Wright,3197
Scott Young,3198
Jason Davis,3199
Michael Graham,3200
Kelly Valencia,3201
Joshua Riley,3202
Michael Irwin,3203
Mr. Troy Jones,3204
Ashley Duke,3205
Haley Barnett,3206
Michelle Marshall,3207
Dennis Jackson,3208
Jacob Lawrence,3209
Mary Patterson,3210
Kenneth Norris,3211
Beverly Warner,3212
David Duran,3213
Nathan Moore,3214
Aaron Fisher,3215
Sandra Matthews,3216
Brian Lee,3217
Evelyn Edwards,3218
Jeremy Jarvis,3219
Mary Smith,3220
Mark Harrison,3221
Meagan Taylor,3222
Calvin Morgan,3223
Natalie Rivera,3224
Melissa Carroll,3225
Erica Wade,3226
Katie Cardenas,3227
Patricia Mcintyre,3228
Martha Hudson,3229
Joseph Obrien,3230
Erica Stephens,3231
Mr. Johnny Williams,3232
Zoe Smith,3233
Chad Friedman,3234
Samuel Simon,3235
Cheryl Richards,3236
Melissa Mcgrath,3237
Lisa Henderson,3238
Julie Ortega,3239
Jonathan Espinoza,3240
Jose Juarez,3241
Latoya Alvarez,3242
Jennifer Hays,3243
Rebecca Miller,3244
Isaac Gutierrez,3245
Kathy Zimmerman,3246
Mary Martinez,3247
Mario Kelley,3248
Bill Lutz,3249
Stephanie Gould,3250
David Hurst,3251
Stephanie Thomas,3252
Ashley Mercado,3253
Robert Ward,3254
Patricia Brooks,3255
Jeffrey Peterson,3256
Angela Gray,3257
Lance Watson,3258
Terry Zamora,3259
Mr. Michael Gray,3260
Teresa Thompson,3261
Donald Thompson,3262
Kelly Griffin,3263
Martin Doyle,3264
Anthony Le,3265
Breanna Smith,3266
Alex Herman,3267
Kevin Moyer,3268
Erica Owens,3269
Tammy Carpenter,3270
Amanda Barrera,3271
Lisa Williams,3272
Lindsay Young,3273
Mark Stone,3274
John Lewis,3275
Emily Whitehead,3276
Michael Fuller,3277
Kimberly Mcmillan,3278
Michele Peterson,3279
Rhonda Smith,3280
Jaime Jones DDS,3281
Cynthia Williams,3282
Lisa Freeman,3283
Ryan Jacobs,3284
Erika Green,3285
Christine Lee,3286
Sandra Torres,3287
John Horn,3288
Jaime Powell,3289
Elizabeth Myers,3290
Charles Nelson,3291
Kelsey Krueger,3292
Daniel Gibbs,3293
Jeffery Perkins,3294
Katherine Walker,3295
Curtis Todd,3296
Peter Hicks,3297
James Strong,3298
Julie Robinson,3299
Kimberly Bell,3300
Antonio Garcia,3301
Gregory Johnson,3302
Mr. Wayne Fletcher II,3303
Robert Brown,3304
Holly Stevens DDS,3305
Katie Mahoney,3306
John Howell,3307
Roger Romero,3308
Sarah Parks,3309
Karen Andrews,3310
Jody Myers,3311
Ryan Brown,3312
Stacey Haynes MD,3313
Dylan Nicholson,3314
Keith Perkins,3315
Ian Cooke,3316
Lori Howard,3317
Stephen Pennington,3318
Kevin Ross,3319
Danielle Holmes,3320
Katie Leonard,3321
Stephen Green,3322
Aaron Roberts,3323
Melissa Kelly,3324
Dylan Bryant,3325
Patricia Kelly,3326
Teresa Stephens,3327
Yesenia Holloway,3328
Jennifer Leach,3329
Kyle Smith,3330
David Diaz,3331
Edwin Garner,3332
April Walker,3333
Mr. Brandon Mayer,3334
Dustin Silva,3335
Justin Rodriguez,3336
Peter Nelson,3337
Michael Adams,3338
Benjamin Velez,3339
Deborah Stokes,3340
Michelle Gutierrez,3341
Tammy Schultz,3342
Heather Trujillo,3343
Ariana Vazquez,3344
Holly Wolf,3345
Logan Curtis,3346
Richard Snyder,3347
Matthew Elliott,3348
Adrian Reilly,3349
Katie Dyer,3350
Heather Buckley,3351
Cameron Johnson,3352
Cassandra Beard,3353
Andrea Jones,3354
Timothy Collins,3355
Benjamin Lopez,3356
Michael Wilson,3357
Audrey Perez,3358
Amber Leon,3359
Beth Cruz,3360
James Richard,3361
Jamie Lawson,3362
Sherry Simpson,3363
Deanna Lara,3364
Danielle Moore,3365
Shelby Decker,3366
Colton Bauer,3367
Eileen Richmond,3368
Ricardo Morrison,3369
Angela Turner,3370
Sylvia Curtis,3371
Ellen Torres,3372
Kaitlyn Warren,3373
Christopher Brown,3374
Kelly Harris,3375
Jill Robinson,3376
Rose Diaz,3377
Donna Woodard,3378
Caroline Davis,3379
Jessica Trevino,3380
Eric Sullivan,3381
Teresa Phillips,3382
Anthony Harmon,3383
Kelly Davies,3384
Shawn Cannon,3385
Karen Holloway,3386
Cody Marshall,3387
Joseph Baker,3388
Patrick Byrd,3389
Cheyenne Bowers,3390
Mr. Andre Ruiz MD,3391
Charlotte Brown,3392
William Becker,3393
Wendy Thomas,3394
Tabitha Howard,3395
Michelle Obrien,3396
Rachel Smith,3397
Curtis Jones,3398
Ryan Rivera,3399
Ethan Rhodes,3400
Anthony Campos,3401
Derek Johnson,3402
Dennis Gill,3403
Jacqueline Price,3404
Craig Michael,3405
Sean Hayes,3406
Gregory Jackson,3407
Tiffany Turner,3408
Cassandra Vang,3409
Terry Keith,3410
William Crawford,3411
Christian Williams,3412
Jesse Williams,3413
Patricia Barry,3414
Michael Moore,3415
Mary Rogers,3416
Erica Moore,3417
Vanessa Ray,3418
Alexis Vasquez,3419
Christopher West,3420
Kimberly Chapman,3421
Jeffery Williams,3422
Joy Russell,3423
Timothy Floyd,3424
Dr. Katie Collins DDS,3425
Sherry Johnson,3426
Eric Garrett,3427
Andrew Smith,3428
Susan Russell,3429
James King,3430
Joyce Hall,3431
Holly Kim,3432
Lisa Keller,3433
Dustin Little,3434
Mindy Dunn,3435
Charles Lopez,3436
Kirk Martin,3437
Ryan Carter DVM,3438
Mrs. Carol Sanders DDS,3439
Ralph Arnold,3440
Francisco Carpenter,3441
Linda Carson,3442
Jay White,3443
Melissa Russell,3444
Alexandria Walls,3445
Sarah Thornton,3446
Victoria Pham,3447
Michael Palmer,3448
Benjamin Valdez,3449
Amanda Friedman,3450
Laura Jones,3451
Chelsea Johnston,3452
Philip Garcia,3453
Christina Larsen,3454
Joshua Green,3455
Peter Cooper,3456
Scott Leblanc,3457
Andrew Arias,3458
Wayne Kelley,3459
Harold Griffin,3460
James Burgess,3461
Joshua Valentine,3462
Eric Hickman,3463
Thomas Mayo,3464
John Walker,3465
Cynthia Gonzalez,3466
Renee Howell,3467
David Wolf,3468
Veronica Hall,3469
Amber Robinson,3470
Jennifer Andrade,3471
Leslie Howe,3472
Daniel Haney,3473
Kim Hayes MD,3474
Brandon Sandoval,3475
James Knight,3476
Paul Cuevas,3477
Michael Bailey,3478
Jim Gibson,3479
Cynthia Adams,3480
Keith Hill,3481
Edwin Webb,3482
Taylor Richardson,3483
Allison Aguirre,3484
Brandon Lewis,3485
Steven Baker,3486
Jamie Davis,3487
Laura Davis,3488
Melvin Tran,3489
Daniel Woods,3490
Taylor Brown,3491
Patricia Neal,3492
Nicole Ward,3493
Terry Bryan,3494
Dennis Orr,3495
Anthony Smith,3496
Jack Long,3497
Mr. Joshua Carter,3498
Jill Silva,3499
Krista Wright,3500
Jennifer Bennett,3501
Thomas Farrell,3502
Lisa Anderson,3503
Kenneth Walker,3504
Shelly Baker,3505
Yvonne Villa,3506
Steven Taylor,3507
Peter Mccann,3508
Melissa Reynolds,3509
Alexander Patterson,3510
Tracey Bishop,3511
Victoria Ramos,3512
Bonnie Martin,3513
Kayla Brown,3514
Julie Sims,3515
Jack Harris,3516
Casey Benjamin,3517
Cynthia Leblanc,3518
Jennifer Franklin,3519
Lisa Glover,3520
Steven Gardner,3521
Tiffany Williams,3522
Sandra Taylor,3523
Anthony Rose,3524
Andrew Cannon,3525
Todd Henderson,3526
Geoffrey Franklin,3527
Steven Hamilton,3528
Hayley Cohen,3529
Curtis Smith,3530
Cassandra Nunez,3531
Joy Villegas,3532
Nicholas Vance,3533
Timothy Walker,3534
Jonathan Burnett,3535
Mrs. Sandra Wilson,3536
Rebecca Taylor,3537
Rebecca Bell,3538
Tracy Romero,3539
Daniel Roberts,3540
Gina Nelson,3541
Jennifer Warner,3542
John Young,3543
Melissa Moore,3544
Megan Fleming,3545
Christina Nguyen,3546
Elizabeth Ray,3547
Steven Ferrell,3548
Joseph Vasquez,3549
Sharon Mendez,3550
Kim Robinson,3551
Michele Edwards,3552
James Baker,3553
Larry Smith,3554
Tony Stewart,3555
Joshua Mullen,3556
Timothy Davis,3557
Laura Gonzales,3558
Raymond Mendez,3559
Jeffrey Ward,3560
Russell Hampton,3561
Karen Hoffman,3562
Todd Ramirez,3563
Karen King,3564
Charlene Mccoy,3565
Brandon Molina,3566
Michael Villarreal,3567
David Strong,3568
Frederick Porter,3569
Suzanne Singh,3570
Cassandra Mckenzie,3571
Suzanne Carson,3572
Brian Wallace,3573
Kirk Adams,3574
Isaac Thomas,3575
Jesse Fox,3576
Daniel Perry,3577
Laurie Cline,3578
Sheila Sanchez,3579
John Jackson,3580
Dr. William Jensen,3581
Heather Sullivan,3582
Melissa Mills,3583
Krista Wolf,3584
Robert Frederick,3585
Marie White,3586
Ashley Maynard,3587
Jeffrey Martinez,3588
Michelle Higgins,3589
Abigail Clements,3590
Nicholas Patterson,3591
Benjamin Smith,3592
Nicholas Green,3593
Kimberly Serrano,3594
Robert Ryan,3595
Katie Warner,3596
Allison Diaz,3597
Kaitlyn Henderson,3598
Jonathon Kane,3599
Kelly Moore,3600
Nicole Pittman,3601
Lisa Perez,3602
Keith White,3603
Clinton Baldwin,3604
John Owens,3605
Shannon Rose,3606
Mark Potts,3607
Jason Arnold,3608
Michael Diaz,3609
Janet Coleman,3610
Teresa Harper,3611
Lindsey Hurley,3612
Rebecca Wright,3613
David Kelley,3614
Nathan Peterson,3615
Glen Walker,3616
Regina Gibson,3617
James Matthews,3618
David Kent,3619
Nancy Jackson,3620
Lisa Jensen,3621
Amanda Waters,3622
Crystal Padilla,3623
Laura Price,3624
Daniel Payne,3625
Anna Davidson,3626
Ronald Pugh,3627
Ashley Ramirez,3628
Kelsey Ross,3629
Seth Mathews,3630
Sarah Garcia,3631
Christopher Gonzales,3632
Sara Simmons,3633
Mark Hill,3634
John Anderson,3635
Dr. Henry Ross,3636
Stacey Larson,3637
Jeffrey Young,3638
Christopher Cohen,3639
Jesse Brown,3640
Hannah Maynard,3641
Rhonda Downs,3642
Travis Larson,3643
Gregory Rodriguez,3644
Scott Oneal,3645
Daniel Pitts,3646
Michael Warren,3647
Jessica Wilson,3648
Jamie Simpson,3649
Mr. Blake Lambert Jr.,3650
Monique David,3651
Mr. Brian Figueroa MD,3652
Cheyenne Carlson,3653
Jacqueline Brown,3654
Karen Coleman,3655
Crystal Bates,3656
Sheryl Hansen,3657
Dustin Moore,3658
Joanna Shannon,3659
Tiffany Chavez,3660
Emily Castillo,3661
Michael Jackson,3662
Victor Rivas,3663
Maria Mcguire,3664
Grace Johnson,3665
Noah Golden,3666
Randy Patton,3667
Taylor Smith,3668
Sandra Gray,3669
John Peterson,3670
John Myers,3671
Derrick Ellis,3672
Juan Espinoza,3673
Roy Jackson,3674
Michelle Anderson,3675
Tammy Sloan,3676
Dominique Day,3677
Rachel Griffin,3678
Christina Harris,3679
Michael Daugherty,3680
Tiffany Johnson,3681
Michelle Estrada,3682
John Larson,3683
Jeffrey Haney,3684
Ryan Merritt,3685
Teresa Green,3686
Jasmine Horn,3687
Maureen Moody,3688
Joseph Green,3689
David Mckinney,3690
Alexander Reed,3691
Levi Cook,3692
Anthony Howard,3693
Garrett Wang,3694
Andre Gregory,3695
Joanna Cuevas,3696
Emily Frye,3697
Dylan Mack,3698
Jacob Mills,3699
Joseph Price PhD,3700
Marcus Esparza,3701
Laura Rose,3702
James Delacruz,3703
Brenda Mason,3704
Joseph Ross,3705
Kimberly Meyer,3706
Taylor Gonzalez,3707
Robert Bates,3708
Brian Morales,3709
Luis Walton,3710
Erica Espinoza,3711
Jonathan Lewis,3712
John Hebert,3713
Sarah Leon,3714
Amy Padilla,3715
Tony Rose,3716
Sarah Sanders,3717
Jackson Dean,3718
William Ryan,3719
Tony Black,3720
Andrea Doyle,3721
Donna Cruz,3722
Alyssa Brown,3723
Eric Riley,3724
Adrienne Moore,3725
Mr. Kevin Weaver DVM,3726
Patricia Black,3727
Jason Warner,3728
John Pierce,3729
Monica Nguyen,3730
Gary Wolfe,3731
Patricia Hayes,3732
Amy Norris,3733
Allison Gonzales,3734
John Harris,3735
Brian Roberts,3736
Rachel Holland,3737
Denise Salas,3738
Erica Aguirre,3739
Brianna Kim,3740
Robin Jones MD,3741
Dr. Sandra Allen,3742
Tyrone Cameron,3743
Elizabeth Harvey,3744
Mark Kane,3745
Caitlin Morris,3746
Eric Bolton,3747
Ann Freeman MD,3748
Kristina Willis,3749
Daniel Chambers,3750
Tasha Hall,3751
Summer Watson,3752
Thomas Meyer,3753
Megan Farrell,3754
Elaine Parks,3755
Melanie Rodriguez,3756
Jessica Reese,3757
Jessica Martin,3758
Lynn Green,3759
Jacqueline Campbell,3760
Jeffrey Dean,3761
Joseph Martin,3762
Kristy Bentley,3763
Samuel Watkins,3764
Kevin Barrett,3765
Kimberly Chavez,3766
Brian Townsend,3767
Andrea Rocha,3768
Christopher Arnold,3769
Sherry Shannon,3770
Mrs. Angela Hansen MD,3771
Stephen Medina,3772
Kristin Barnes,3773
Stephanie Jones,3774
Michelle Wade,3775
Samuel Hood,3776
Savannah Francis,3777
Sue Long,3778
Benjamin Schultz,3779
Matthew Cummings,3780
Gina Solomon,3781
Isaac Bell,3782
Breanna Johnson,3783
Victoria Salazar,3784
Daniel Hayes,3785
Gary Moore,3786
Alexandra Mckenzie,3787
Deborah Thornton,3788
Paul Brown MD,3789
Norman Shea,3790
Erin Reynolds,3791
James Reed,3792
Dorothy Riley,3793
Walter Miller,3794
Jeffrey Gray,3795
Timothy Reynolds,3796
Andre Wilson,3797
Brenda Douglas,3798
Chad Rodriguez,3799
Jasmine Williams,3800
Eduardo Valencia DDS,3801
Richard Burke,3802
Jacqueline Green,3803
Matthew Wilkins,3804
Katie Rodriguez,3805
Kristen Peterson,3806
Eric Price,3807
Cynthia Brown,3808
Adam Williams,3809
Thomas Blake,3810
Amy Clark,3811
Tracey Wagner DDS,3812
Ronald Jones,3813
Carol Graves,3814
Mckenzie Park,3815
Keith Webb,3816
Heather Lane,3817
Mark Luna,3818
Mrs. Michelle Mcguire MD,3819
Laura Watson,3820
Caitlin Allen,3821
James Williams,3822
Bryan Atkinson,3823
Michael West,3824
Paul Williams,3825
Sarah Weber,3826
Rachel Martin,3827
Deborah Johnson,3828
Robert Brooks,3829
Tyler Adams,3830
Derek Calhoun,3831
Alyssa Spencer,3832
Randy Rodriguez,3833
James Nelson,3834
Alexander Greer,3835
Bruce Macdonald,3836
Leslie Aguilar,3837
Andrew Graham,3838
Barbara Taylor,3839
Vanessa Golden,3840
Kelsey Washington,3841
Jason Allen,3842
Suzanne Key,3843
Paul Jones,3844
Miss Tiffany Baldwin DDS,3845
Richard French,3846
Cynthia Lee,3847
Douglas Scott MD,3848
Erika Li,3849
Amy Tran,3850
Jennifer Robinson,3851
David Santana,3852
Robin Bowers,3853
Sarah Hardy,3854
Steve Dawson,3855
Donna Salazar,3856
Juan Hayes,3857
Debra Ortega,3858
Christopher Gutierrez,3859
Steven Montgomery,3860
David Morgan,3861
Thomas Gomez,3862
Nathan Stevens,3863
Julie Mercado,3864
Zachary Kelley,3865
Christopher Ryan,3866
Brian Pope,3867
Jason Tran,3868
Kevin Watson,3869
Tracy Francis,3870
Jeffrey Hess,3871
Lisa Delgado,3872
Heather Mendoza,3873
Victoria Everett,3874
Aaron Price,3875
David Melton DDS,3876
Ann Cantrell,3877
Edward Guzman,3878
Elizabeth Gould,3879
Kelsey Solis,3880
Michelle Foster,3881
Hector Callahan,3882
Nicole Ramos,3883
Anthony Rodriguez,3884
Paula Boone,3885
Tammy Diaz,3886
William Smith,3887
Kari Thomas,3888
Maria Brown,3889
Nicholas Silva,3890
Kerri Hansen,3891
Vincent Hughes,3892
Michelle Miller,3893
Carolyn Gardner,3894
Carmen Powell,3895
Albert Jacobs,3896
Marc Zimmerman,3897
Meghan Williams,3898
Holly Lawrence,3899
Alicia Flores,3900
Ricky Henderson,3901
Steven Howell,3902
Danielle Lopez,3903
Cheryl Huber,3904
Katherine Reyes,3905
Chelsey Bell,3906
Joel Sims,3907
Justin Wilson,3908
Patricia Rich,3909
Christie Sutton,3910
Matthew Matthews,3911
Erica Bell,3912
Amanda Smith,3913
Eric Robertson,3914
Marcus Reid,3915
Heather Walker,3916
Mark Best,3917
Jessica Lee,3918
Clinton Jackson,3919
Pamela Diaz,3920
Robert Williams,3921
Rebecca Morgan,3922
Amy Dalton,3923
William Bradley,3924
Carrie Wolfe,3925
Robert Young,3926
Brent Moody,3927
Andrea Dominguez,3928
Kylie Brandt,3929
Jacqueline Hansen,3930
Amy Bennett,3931
Eduardo Davidson,3932
Cynthia Atkinson,3933
Stephen Gardner,3934
Amy Miller,3935
Mary Ramirez,3936
Maria Wood,3937
Alejandra Chan,3938
Bryan King,3939
Christopher Booth,3940
Vanessa Ruiz,3941
Christopher Hill,3942
Colleen Day,3943
Yolanda Hill,3944
Ashley King,3945
Brent Hansen,3946
Anthony Riley,3947
Chelsea Lewis,3948
Mandy Davidson,3949
Tommy Acosta,3950
Brittany Scott,3951
Cheryl Guerra,3952
Felicia Levy,3953
Lisa Thomas,3954
Katherine Gonzalez,3955
Judy Burch,3956
Matthew Walker,3957
Beth Williams,3958
Maria Benitez,3959
Shannon Morris,3960
Kimberly Howard,3961
Richard Keith,3962
Connie Moore,3963
Mark Young,3964
Mrs. Amy Gates,3965
Richard Torres,3966
Jill Patel,3967
Krystal Jones,3968
Jeffery Noble,3969
Mario Larson,3970
Victoria Cox,3971
Steven Harris,3972
Linda Wagner,3973
Thomas Maxwell,3974
Brandi Haley,3975
Andrea Rivera,3976
Warren Watts,3977
Dawn Martinez,3978
Randy Vance,3979
Dustin Barker,3980
Lisa Nguyen,3981
Christopher Randolph,3982
Dustin Hudson,3983
Morgan Lucas,3984
James Holmes,3985
Danielle Allen,3986
Mr. Jared Dunlap,3987
Kyle Martinez,3988
Mr. Daniel Walters MD,3989
John Giles,3990
Angela Patterson,3991
Alexandria Strickland,3992
Bethany Brown,3993
Travis Sanchez,3994
Monica Newton,3995
Jason Mathews,3996
Yolanda Carter,3997
Hannah Davis,3998
George Soto,3999
Ashley Proctor,4000
James Vargas,4001
Kimberly Savage,4002
Terri Lee,4003
Rebecca Parker,4004
Michele Sanchez,4005
Chase Garrett,4006
Roberta Gonzalez,4007
Michael Gould,4008
Stephanie Deleon,4009
Amy Church,4010
Jennifer Griffin,4011
Denise Bush,4012
Hector Gomez,4013
Christian Graves,4014
Ashley Martin,4015
Elizabeth Boyd,4016
Paul Patterson,4017
James Lopez,4018
Karen Duke,4019
Eric George,4020
Amy Williams,4021
Brandon Burke,4022
Michelle Kelly,4023
Nicholas Stanley,4024
Randy Miller,4025
Eric Burch,4026
Natasha Flores,4027
Michael Simon,4028
Larry Scott,4029
Dr. Shawn Campbell DDS,4030
Leslie Hawkins,4031
Debra Dawson,4032
Erik Wells,4033
Emily Estes,4034
Jamie Richmond,4035
Desiree Adams,4036
Brandon Hurley,4037
Henry Mckinney,4038
Holly George,4039
Jonathan Delacruz,4040
William Warren,4041
Richard Bennett,4042
Jason White,4043
Benjamin Hill,4044
Maria Valdez,4045
David Lewis,4046
Stephen Hubbard,4047
David White,4048
Amy Young,4049
Kristen Yang,4050
Keith Hart,4051
Jacqueline Walsh,4052
Mark Castro,4053
Zachary Palmer,4054
Christina Gray,4055
Bryan Davis,4056
John Walter,4057
Melissa Rodriguez,4058
Carrie Jones,4059
Rachael Perez,4060
Jacob Scott,4061
Dominique Williams,4062
Tara Parks,4063
Monique Kim,4064
Jacqueline Nelson,4065
Christy Simmons,4066
Veronica Green,4067
Molly Graves,4068
Nancy Wilkerson,4069
Sarah Willis,4070
Rhonda Torres,4071
Amber Patel,4072
Stacy Christian,4073
Joseph Berger,4074
Andrew Morales,4075
Douglas Rice,4076
Wesley Barry,4077
Jacob Solis,4078
Steven Carter,4079
Luis Rivera,4080
Tiffany Adams,4081
Anna West,4082
Kevin Skinner,4083
Robyn Ross,4084
Maria Wilson,4085
Jordan Duffy,4086
Matthew Griffin,4087
Michael Brennan,4088
Michael Mason,4089
Colton Johnson,4090
Kimberly Price,4091
Jennifer Wagner,4092
Daniel Liu,4093
Joel Ponce,4094
Jacqueline Mccoy,4095
Nancy White,4096
Denise James,4097
Karla Snyder,4098
Cathy Hall,4099
Mark Mckenzie,4100
Brian Nguyen,4101
Michael Lopez,4102
Bruce Daniels,4103
Deborah Lynch,4104
Matthew Abbott,4105
Guy Best,4106
Olivia Medina,4107
Michael Herrera,4108
Angela Bender,4109
Amy Johnson,4110
Samantha Taylor,4111
Rebecca Baldwin,4112
Martin Levine,4113
Daniel Navarro,4114
David Sandoval,4115
Dana Hamilton,4116
Bradley Hawkins,4117
Jill Dyer,4118
Charles Miller,4119
Mark Perez,4120
Jacqueline Gonzales,4121
Stephanie Shaffer,4122
Linda Odom,4123
David Woods,4124
Anna Barnes,4125
Derek Wang,4126
Joseph Cox,4127
Jessica Wilkins,4128
Rebecca Wells,4129
Seth Cobb,4130
Kristina Blackburn,4131
Brendan Oconnor,4132
Natalie Morgan,4133
Anthony Baker,4134
Samantha Morales,4135
Carl Melendez,4136
Kiara Torres,4137
Bruce Adams DVM,4138
William Carr,4139
Jennifer Reilly,4140
Martha Ross,4141
Christina Schmidt,4142
Carolyn Herring,4143
Nicholas Carroll,4144
Cindy Thompson,4145
Manuel Jimenez,4146
Paul Johnson,4147
Alicia Ho,4148
Ryan Hoffman,4149
Charles Kelly,4150
Scott Martin,4151
Brian Austin,4152
Crystal Armstrong,4153
Scott Walters,4154
Michael Stanton,4155
Megan Melendez,4156
Sydney Johns,4157
Joshua Newman,4158
Jordan Cox,4159
Kathy Gonzales,4160
Kevin Lambert,4161
Zachary Montoya,4162
Teresa Mendoza,4163
Clayton Mitchell,4164
Joan Bradford,4165
Steven Mahoney,4166
Dominique Martin,4167
Gregory Parker,4168
Michelle Salazar DDS,4169
Mark Cooper,4170
Brandon Reyes,4171
Eric Garrison,4172
Laurie Fisher,4173
Frank Williams,4174
Amy Whitaker,4175
Jill Carlson,4176
Jose Maynard,4177
Michael Jennings,4178
Michael Holder,4179
Crystal Lopez,4180
Sharon Burnett,4181
Darren Gray,4182
Denise Wilson,4183
Alexander Klein,4184
Melinda Davis,4185
Susan Becker,4186
Peter Gomez,4187
Stephen Edwards,4188
Monica Wall,4189
Dr. Dana King,4190
Allen Hall,4191
Mr. Justin Todd,4192
Kelly Henderson,4193
Jason West,4194
Mario Avery,4195
Mr. Carl Baker,4196
Christine Dominguez,4197
Dawn Brown,4198
Brianna Young,4199
Elizabeth Flores,4200
William Cooper,4201
Ariana Dean,4202
Beverly Johnson,4203
Juan Perez,4204
Brittany Gallagher,4205
Luis West,4206
Elaine Chavez,4207
Christopher Hansen,4208
Alicia Jones,4209
Timothy Nash,4210
Thomas Krause,4211
Terry Jordan,4212
Tammy Rasmussen,4213
Susan Ramsey,4214
Travis Gordon,4215
Richard Hayes,4216
John Adams,4217
Janet Phillips,4218
Richard Wilson,4219
Rachel Watkins,4220
Chad Wallace,4221
Taylor Mora,4222
Kyle Gallegos,4223
Sarah Jordan,4224
Jonathan Blair,4225
Beth Collins,4226
Shane Price,4227
Michael Armstrong,4228
Joan Harper,4229
Kevin Gillespie,4230
David Wallace,4231
Christine Werner,4232
Sydney Moore,4233
Regina Rodriguez MD,4234
Vanessa Johnston,4235
Carl Craig,4236
Christopher Freeman,4237
Paula Bailey,4238
Jacob Johnson,4239
Spencer Alexander,4240
Kayla Bailey,4241
Mr. Thomas Nixon,4242
Greg Hall,4243
Ethan Griffin,4244
Albert Franco,4245
Melissa White,4246
Erica Campbell,4247
Jeremy Lee,4248
Patricia Hamilton,4249
Joseph Griffin,4250
Kurt Mullen,4251
Beth Johnson,4252
Dr. Daniel Lynch,4253
Spencer Ward,4254
Marcus Davidson,4255
Alex Bennett,4256
Scott Lyons,4257
David Marshall,4258
David Avery,4259
Antonio Hall,4260
Matthew Johnson,4261
Joseph Brown,4262
Donna Hall,4263
Nicholas Chavez,4264
Christian Barrera,4265
Dana Kelly,4266
Melissa Garcia,4267
Jason Obrien,4268
Deborah Coleman,4269
Collin Rojas,4270
Mrs. Jessica Castillo,4271
Allison Griffin,4272
Tyler Parker,4273
Darius Baker,4274
Nicole Gibson,4275
David Castillo,4276
Sara Foster,4277
Willie Stein,4278
Jennifer Johnson,4279
Steve Decker,4280
Stephanie Morton,4281
Nicole Palmer,4282
Troy Becker,4283
John Brown,4284
Madison Macias,4285
Meghan Lambert,4286
Brenda Phillips,4287
Natalie Tran,4288
Thomas Edwards,4289
Angela Sanders,4290
Michele Perkins,4291
David Jones,4292
Gerald Thomas,4293
Donald Baker,4294
Nicholas Barrett,4295
Frank Martinez,4296
Brian Bass,4297
Lauren Duarte,4298
Justin Juarez,4299
Dylan Wells,4300
James Rhodes,4301
Jose Dennis,4302
Robert Garrett,4303
Jason Hart,4304
Ryan Weber,4305
Kelly Kirk,4306
Mark Montes,4307
Arthur Glass,4308
Mckenzie Ramirez,4309
Samuel Bright,4310
Travis Gonzalez,4311
Christine Thomas,4312
Terri Hayden,4313
Amber Murray,4314
Tiffany Brown,4315
Mrs. Alyssa Ochoa,4316
Denise Burton,4317
Ann French,4318
Kaitlyn Wyatt,4319
Samantha Miller,4320
David Martinez,4321
Tamara Murphy,4322
Austin Scott,4323
Jacob Ortiz,4324
Carolyn Gates,4325
Lance Henson,4326
Erin Harris,4327
Mr. Kenneth Smith,4328
Kimberly Foster,4329
Gregory Wilson,4330
Mr. Matthew Wood DDS,4331
Robert Flores,4332
Ashley Warren,4333
Aaron Tran,4334
Jorge Vargas,4335
Ms. Catherine Hayes,4336
Jack Sutton,4337
Julie Webster,4338
Nancy Robinson,4339
Jennifer Alvarez,4340
Cynthia Boone,4341
Joe Mayer,4342
Dr. John House,4343
Melinda Orozco,4344
Stephanie Cox,4345
Brian Davis,4346
Eric Cole,4347
Matthew Spencer,4348
Brian Rowe III,4349
Michelle Hernandez,4350
Tracy Braun,4351
Jason Baldwin,4352
Linda Wall,4353
Carl Jones,4354
Cassandra Thompson,4355
Robert Martin,4356
Caroline Duncan,4357
Derek Webb,4358
Matthew Pitts,4359
Francisco Rogers,4360
Douglas Martin,4361
Rose Lewis,4362
Michael Horne,4363
Curtis Johnson,4364
Haley Harding,4365
Lauren Reyes,4366
Craig Savage,4367
Richard Hall,4368
Jonathan French,4369
Tammy Conner,4370
Jesse Gutierrez,4371
Jasmine Johnson,4372
Michele Jacobs,4373
John Porter,4374
Linda Benson,4375
Kylie Mason,4376
Stephen Johnson,4377
Donna Brown,4378
Michelle Garcia,4379
Paul Kennedy,4380
Sharon Smith,4381
Jessica Nelson,4382
Jonathan Lee,4383
Carol Underwood,4384
Alexis Lutz,4385
Karen Hanna,4386
Sherri Warner,4387
Richard Mcconnell,4388
William Greene,4389
Jeffrey Jones,4390
Jennifer Walker,4391
Debbie Perry,4392
Elizabeth Stephenson,4393
Rebecca Caldwell,4394
Christine Newman,4395
Christopher Mckinney,4396
Darius Mack,4397
Victor Carter,4398
Alicia Figueroa,4399
Colleen Mathews,4400
Andre Howard,4401
Sarah Cortez,4402
Nicolas Taylor,4403
Kenneth Gonzalez,4404
Colleen Alexander MD,4405
Danielle Abbott,4406
Patricia Waller,4407
Nicholas Santos,4408
Lori Blevins,4409
Sarah Marks,4410
Sandra Wood,4411
Jackie Mann,4412
John Moore,4413
Brian Shields,4414
Karen Peterson,4415
Mrs. Mary Hardy,4416
April Parker,4417
Harry Alexander DDS,4418
Kelly Cline,4419
Rebecca Dalton,4420
Marvin Lewis,4421
Jim Moore,4422
Cody Massey,4423
Yvonne Flores,4424
Timothy Hunter,4425
Dennis Maddox,4426
Michael Arnold,4427
Christopher Carter,4428
Carolyn Lin,4429
Joshua Jones,4430
Kathleen Brown,4431
Mr. Justin Morgan,4432
Michael Parker,4433
Jesse Doyle,4434
Richard Contreras,4435
Lindsey Reyes,4436
Elizabeth Burns,4437
Grace Williams,4438
Daniel Morrison,4439
Sierra Gonzalez,4440
Aaron Davis,4441
Kathleen Newton,4442
Amanda Washington,4443
Christopher Grant,4444
Carrie Wiley,4445
Victoria Davis,4446
Katie Perez DVM,4447
Paul Mckee,4448
Jordan Tapia,4449
Denise Villa,4450
Emily Wade,4451
Teresa Wagner,4452
Franklin Padilla,4453
Pamela Hernandez,4454
Mr. Jacob Hodges,4455
Mandy Brown,4456
Danielle Kelley,4457
Jason Sloan,4458
Michael Ryan,4459
Christopher Graves,4460
Caitlin Stephens,4461
Greg Day,4462
Barbara Robles,4463
Reginald White,4464
Justin Cameron DDS,4465
Erica Sloan,4466
Nathaniel Floyd,4467
Jessica Daniel,4468
Samantha Reid,4469
Cynthia Ramirez,4470
Rachel Sparks,4471
Zachary Davis,4472
Katherine Alvarado,4473
Chelsey Lambert,4474
Jaclyn Brown,4475
Ricky Guzman,4476
Elizabeth Barnett,4477
Anita Miller,4478
Daniel Cannon,4479
Priscilla Nunez,4480
Sarah Taylor,4481
Aaron Pierce,4482
Kenneth Garcia,4483
Dennis Calderon,4484
Bobby Hill,4485
Douglas Mcintyre,4486
Angela Underwood,4487
Brittney Johnson,4488
Megan Ortiz,4489
Mr. Calvin Parsons,4490
Angel Wright,4491
Joseph Warren,4492
Kevin Walters,4493
Phillip Patel,4494
Amber Brown,4495
Ian Jackson,4496
Angela Hunter,4497
Mrs. Nicole Brooks,4498
Angela Jenkins,4499
Raymond Davis,4500
Jennifer Schmidt,4501
Charles Williams DDS,4502
Katie Davis,4503
Katherine Harris,4504
Jeffrey Lee,4505
Kimberly Rodriguez,4506
Carolyn Davis,4507
Christopher Burns,4508
Troy Townsend,4509
Trevor Thomas,4510
Johnny Cross,4511
Stephen Guerra,4512
Mark Tucker,4513
Jennifer Braun,4514
Elizabeth Wilson,4515
Edgar Schneider,4516
Pamela Payne,4517
David Singleton,4518
Laura Gibson,4519
Albert Mcbride,4520
Joseph Hutchinson,4521
Lisa Patel,4522
Zachary Shelton,4523
Allison Hubbard,4524
Abigail Thompson,4525
Brandon Ruiz,4526
Christopher Long,4527
Donald Williams,4528
John Baldwin,4529
Tricia Cisneros,4530
Pamela Morgan,4531
Jeffrey Sanchez,4532
Karen Walker,4533
Joseph Watts,4534
Candice Jones,4535
Curtis Gallagher,4536
William Parks,4537
Gerald Alexander,4538
Amy Mitchell,4539
Angel Montgomery,4540
Danielle Hamilton,4541
Angel Adams,4542
Kayla Evans,4543
Ryan Powell,4544
Brad Joseph,4545
Denise Burnett,4546
Sharon Knox,4547
Maria Mclean,4548
Rebecca Davis,4549
Jason Winters,4550
Carol Preston,4551
Tammy Russell,4552
Christopher Harmon DDS,4553
Jessica Stanley,4554
Jennifer Simon,4555
Richard Smith,4556
Felicia Ruiz,4557
Cynthia Benson,4558
Timothy Myers,4559
Robert Moore,4560
Brandon Hobbs,4561
Nicolas Kennedy,4562
Bobby Taylor,4563
Courtney Cherry,4564
Ashley Anderson,4565
Matthew Brown,4566
Antonio Johnson,4567
Calvin Lopez,4568
Justin Moore,4569
Anne Adams,4570
Steven Tran,4571
Dennis Ross,4572
Julie Berry,4573
Lisa Johnson,4574
Matthew Guzman,4575
David Russell,4576
Laura Knight,4577
Chad Shields,4578
Adriana Barnett,4579
Ricky Werner,4580
Daniel Harris,4581
Andrea Padilla,4582
Renee Huff,4583
Jason Bryant,4584
Susan Perez,4585
Lisa Gomez,4586
Yvonne Sullivan,4587
Alfred Mayer,4588
Jillian Gray,4589
Jasmine Rubio,4590
Trevor Jenkins,4591
Joseph Phillips,4592
Tara Charles,4593
Robert Sosa,4594
Marcus Olson,4595
Darryl Ortiz,4596
Michael Whitehead,4597
Amanda Cunningham,4598
Darlene Gilmore,4599
Kayla Adams,4600
Julian Perez,4601
Denise Love,4602
Shannon Peters,4603
Joseph Rogers,4604
Luis Huynh,4605
Michael Wheeler,4606
Amber Ortiz,4607
Jessica Gomez,4608
Deanna Harper,4609
Ashley Stone,4610
Micheal Gonzalez,4611
Stacy Dunn,4612
Jeffrey Rush,4613
Jaime Choi,4614
Brandi Brown,4615
Rachel Ruiz,4616
Andrew Price,4617
Anthony Parks,4618
Emily Guzman,4619
Jennifer Wells,4620
Nancy Clark,4621
Kenneth Adams,4622
Matthew Cook,4623
Bryan Edwards,4624
Keith Wright,4625
Amy Wright,4626
Andrew Haney,4627
Daniel Joyce,4628
Grant Poole,4629
Nancy Duran,4630
Ryan Bradley,4631
Steven Ayala,4632
Michelle Wright,4633
Emma Ramirez DDS,4634
Richard Schmidt,4635
Robert Johnson,4636
Karen Watson,4637
Jeffrey Powers,4638
Benjamin Mayer,4639
Daniel Gaines,4640
Brianna Hines,4641
Jennifer Atkins,4642
Peggy Anderson,4643
Ashley Henderson,4644
James Morgan,4645
Margaret Fischer,4646
Brian Flores,4647
Kathleen Rivera,4648
Joshua Thomas,4649
Renee Conner,4650
Danielle Burns,4651
David Gardner,4652
Anthony Santana,4653
Dr. Eric Smith PhD,4654
Joseph Vargas,4655
Kaitlyn Holland,4656
Randy Oconnor,4657
James Bean,4658
David Black,4659
Tamara Kennedy,4660
Amy Vasquez,4661
Dr. Aaron Ortega,4662
Alison Smith,4663
Susan Rasmussen,4664
Douglas Jackson,4665
Andrew Vincent,4666
Nicholas White,4667
Donald Bowman,4668
Barry Kennedy,4669
Michael Curtis,4670
David Ballard,4671
Rebecca Lane,4672
Jimmy Becker,4673
Amy Meyers,4674
Mary Scott,4675
Alan Thomas,4676
Molly Owens,4677
Julie Moses,4678
James Harper,4679
Anthony Mcknight,4680
Stacey Bailey,4681
Brian Campbell,4682
Rebecca Rosales,4683
Tracy Cordova,4684
Kristin Bailey,4685
Nathan Black,4686
John Wood,4687
Caitlin Trujillo,4688
Wesley Acosta,4689
Cody Turner,4690
Daniel Macdonald,4691
Sean Smith,4692
Adam Caldwell,4693
Nathan Whitney,4694
Lori Jackson,4695
Daniel Kirk,4696
Jon Turner,4697
Justin Holland,4698
Michael Choi,4699
Edward Lee,4700
Joshua Tran,4701
Dwayne Rodgers,4702
Crystal Hall,4703
Tamara Mathis,4704
Kenneth Davis MD,4705
Brianna King,4706
Bradley Mcfarland,4707
Brittany Wong,4708
Shelley Smith,4709
Joshua Gomez,4710
Laurie Adams,4711
Joanna Dean,4712
Alex Johnson,4713
Brooke Le,4714
Christine Park,4715
Yvette Clay,4716
Julia Kelley,4717
Gloria Pennington,4718
Edward Clarke,4719
Eric Mcdonald,4720
Edward Gonzalez,4721
Dennis Bowers,4722
Andrew Fernandez,4723
Adam Glenn,4724
Christine Crawford,4725
Toni Reyes,4726
Anthony Berry,4727
Sean Pearson,4728
Todd Barber,4729
Jeffrey Bailey,4730
Keith Forbes,4731
Wesley Hernandez,4732
Anthony Melton,4733
John Figueroa,4734
Robert Morrison,4735
David Newman,4736
Susan Johnson,4737
Miguel Cunningham,4738
Brandon Morton,4739
Donna Fields,4740
Paul Burns,4741
Catherine Blackburn,4742
Mrs. Angela Weber,4743
Jimmy Daugherty,4744
Leslie Clark,4745
Luis Jones,4746
Bryan Bates,4747
Leslie Lee,4748
Gene Bush,4749
Bobby Neal,4750
Melissa Weeks,4751
Joseph Cole,4752
Catherine Alexander,4753
Michelle Brooks,4754
Jerry Steele,4755
Timothy Wright,4756
Michael Nguyen,4757
Caleb Stewart,4758
Katherine Lloyd,4759
Randall Moreno,4760
Suzanne Hernandez,4761
Samuel Rivers,4762
Brandi Burnett,4763
Teresa Perez,4764
Joseph Miller,4765
Krista Bell,4766
Richard Murphy,4767
Sandy Bolton,4768
Victoria Soto,4769
Joshua Larson,4770
Nicholas Chan,4771
Nicholas Roman,4772
Nicolas Lloyd,4773
Mary Morris,4774
Keith Ferguson,4775
Jasmine Howard,4776
Melanie Sullivan,4777
Ryan Simmons,4778
Aaron Ortiz,4779
Robert Hall,4780
Julia Ball,4781
Barbara Jackson,4782
Brandy Cameron,4783
Timothy Johnson,4784
Pamela Stephens,4785
Parker Robinson,4786
William Carey,4787
Anna Valenzuela,4788
Sandra Gregory,4789
David Hobbs,4790
Rebecca Matthews,4791
Michael Delgado,4792
Tony Church,4793
Jessica Willis,4794
Robert Dennis,4795
Annette Vasquez,4796
Carrie Garcia,4797
Brian Clarke,4798
Angela Andrews,4799
Larry Evans,4800
Jordan Richardson,4801
Michelle Hickman,4802
Juan Conrad,4803
Jacqueline Davis,4804
Shawn Becker,4805
Dorothy Gonzalez,4806
Nicole Gardner,4807
Amy Thompson,4808
Robert Berry,4809
Madison Lester,4810
Walter Diaz,4811
Patricia Johnson,4812
Ryan Rojas,4813
Carlos Howell,4814
Jessica Holt,4815
Kevin Arellano,4816
Michelle Knight,4817
Pamela Khan,4818
Alexa Estrada,4819
Donna Lane,4820
Kelly Russell,4821
Patrick Reed,4822
Erin Bradley,4823
Brooke Perez,4824
Nicholas Jordan,4825
Howard Phelps,4826
Sharon Graham,4827
John Rasmussen,4828
Lisa Burke,4829
Steve Diaz,4830
Austin Tate,4831
